No,Polres,Tanggal Kejadian,Waktu Kejadian,Meninggal Dunia,Luka Berat,Luka Ringan,EAN, Rugi Material Kendaraan ,Tingkat Kecelakaan,Tipe Kecelakaan,Penyebab,Nama Jalan,Koordinat GPS - Lintang,Koordinat GPS - Bujur,Status Jalan,Fungsi Jalan,Kelas Jalan,Tipe Jalan,Bentuk Geometri,Cuaca,Kondisi Cahaya
1,KOTA BALIKPAPAN,2021-01-14,06:50:00,1,0,0,12," Rp1,000,000 ",Berat,Kendaraan Out of Control keluar ke kiri jalan,Manusia,"Jl. Letkol Pol. H.M. Asnawi Arbain, dekat Kendali Bjbj Gn. Bahagia, Kecamatan Balikpapan Selatan, Kota Balikpapan, Kalimantan Timur 76114, Indonesia",-1.2500253,116.8832952,Jalan Kota / Kabupaten,Arteri,II (Jalan Sedang utk beban s/d 10 ton & 12m  Panjang Ran),4/2 B (4 Lajur/2 Arah dengan Batas Median),Tikungan,Redup / Samar (Tidak jelas terlihat),Hujan/ Grimis
2,KOTA BALIKPAPAN,2021-02-28,03:30:00,1,1,0,15," Rp1,000,000 ",Berat,Kendaraan Out of Control keluar ke kiri jalan,Manusia,"Jl. Ahmad Yani No.61, dekat Notaris Nureni S.H MKN Mekar Sari, Kec. Balikpapan Tengah, Kota Balikpapan, Kalimantan Timur 76113, Indonesia",-1.2541145,116.8382593,Jalan Kota / Kabupaten,Arteri,II (Jalan Sedang utk beban s/d 10 ton & 12m  Panjang Ran),4/2 B (4 Lajur/2 Arah dengan Batas Median),Tikungan,Redup / Samar (Tidak jelas terlihat),Cerah
3,KOTA BALIKPAPAN,2021-03-07,01:00:00,1,0,0,12," Rp1,000,000 ",Berat,Kendaraan Out of Control keluar ke kanan jalan,Manusia,Jalan Mayor Pol Zainal Arifin Gg Beller Kel.Damai Kota Balikpapan,-1.253777398,116.8631245,Jalan Kota / Kabupaten,Kolektor,II (Jalan Sedang utk beban s/d 10 ton & 12m  Panjang Ran),2/2 TB (2 Lajur/2 Arah Tanpa Batas Median),Tikungan,Redup / Samar (Tidak jelas terlihat),Cerah
4,KOTA BALIKPAPAN,2021-08-29,02:00:00,1,0,0,12," Rp1,000,000 ",Berat,Tabrakan dengan benda di jalan atau di atas jalan,Manusia,"Jl. MT Haryono dekat RS Siloam, Damai, Balikpapan Kota, Kota Balikpapan, Kalimantan Timur 76114, Indonesia",-1.251441005,116.8697386,Jalan Propinsi,Arteri,II (Jalan Sedang utk beban s/d 10 ton & 12m  Panjang Ran),4/2 B (4 Lajur/2 Arah dengan Batas Median),Lurus,Redup / Samar (Tidak jelas terlihat),Cerah
5,KOTA BALIKPAPAN,2021-09-16,15:30:00,1,0,0,12," Rp500,000 ",Berat,Sepeda angin/ Sepeda motor jatuh,Manusia,Jl Syarifuddin Yoes dekat Cairos cofee Kel.Gn Bahagia Kec.Balikpapan Selatan,-1.232891204,116.8881884,Jalan Nasional,Arteri,II (Jalan Sedang utk beban s/d 10 ton & 12m  Panjang Ran),2/2 TB (2 Lajur/2 Arah Tanpa Batas Median),Lurus,Terang / Jelas,Cerah
6,KOTA BALIKPAPAN,2021-10-18,01:45:00,1,0,0,12," Rp1,000,000 ",Berat,Kendaraan Out of Control keluar ke kanan jalan,Manusia,"Jl Jenderal Sudirman dekal BSB Kel.Gn. Bahagia, Kecamatan Balikpapan Selatan, Kota Balikpapan, Kalimantan Timur 76114, Indonesia",-1.271751466,116.860029,Jalan Nasional,Arteri,II (Jalan Sedang utk beban s/d 10 ton & 12m  Panjang Ran),4/2 B (4 Lajur/2 Arah dengan Batas Median),Lurus,Redup / Samar (Tidak jelas terlihat),Hujan/ Grimis
7,KOTA BALIKPAPAN,2021-10-20,01:00:00,1,0,0,12," Rp500,000 ",Berat,Kendaraan Out of Control keluar ke kiri jalan,Manusia,"Jalan Syarifuddin Yoes No.88, dekat Mapolda Kaltim, Balikpapan Selatan, Kota Balikpapan, Kalimantan Timur 76115, Indonesia",-1.229048938,116.8859644,Jalan Nasional,Arteri,II (Jalan Sedang utk beban s/d 10 ton & 12m  Panjang Ran),4/2 TB (4 Lajur/2 Arah Tanpa Batas Median),Lurus,Redup / Samar (Tidak jelas terlihat),Hujan/ Grimis
8,KOTA BALIKPAPAN,2021-11-15,07:00:00,1,0,0,12, Rp100 ,Berat,Tabrakan dengan benda di jalan atau di atas jalan,Manusia,Jalan MT Haryono dekat dealer yamaha,-1.2680452,116.8551432,Jalan Propinsi,Arteri,II (Jalan Sedang utk beban s/d 10 ton & 12m  Panjang Ran),2/2 TB (2 Lajur/2 Arah Tanpa Batas Median),Lurus,Terang / Jelas,Hujan/ Grimis
9,KOTA BALIKPAPAN,2021-12-01,21:15:00,0,0,0,0," Rp250,000,000 ",Ringan,Tabrakan depan - belakang,Manusia,"Jl. Pattimura tanjakan simpang Indrakila, Batu Ampar, Kec. Balikpapan Utara, Kota Balikpapan, Kalimantan Timur 76115, Indonesia",-1.225156494,116.8650718,Jalan Kota / Kabupaten,Kolektor,III (Jalan Kecil utk max beban 8 ton & 9 m Panjang Ran),2/2 TB (2 Lajur/2 Arah Tanpa Batas Median),T (Simpang Tiga),Redup / Samar (Tidak jelas terlihat),Cerah
10,KOTA BALIKPAPAN,2021-12-06,20:30:00,1,0,0,12," Rp2,000,000 ",Berat,Tabrakan dengan benda di jalan atau di atas jalan,Manusia,"Jl. Mulawarman No.15, Teritip, Kec. Balikpapan Tim., Kota Balikpapan, Kalimantan Timur 76118, Indonesia",-1.1586635,117.0061178,Jalan Propinsi,Arteri,II (Jalan Sedang utk beban s/d 10 ton & 12m  Panjang Ran),2/2 TB (2 Lajur/2 Arah Tanpa Batas Median),Lurus,Redup / Samar (Tidak jelas terlihat),Hujan/ Grimis
11,KOTA BALIKPAPAN,2021-08-21,21:00:00,0,1,0,3," Rp500,000 ",Sedang,Kendaraan Out of Control keluar ke kanan jalan,Manusia,"Jl. Letjen Suprapto depan SDN 09, Baru Ulu, Kec. Balikpapan Bar., Kota Balikpapan, Kalimantan Timur, Indonesia",-1.234436586,116.8197041,Jalan Kota / Kabupaten,Arteri,II (Jalan Sedang utk beban s/d 10 ton & 12m  Panjang Ran),4/2 B (4 Lajur/2 Arah dengan Batas Median),Lurus,Redup / Samar (Tidak jelas terlihat),Cerah
12,KOTA BALIKPAPAN,2021-11-21,19:00:00,0,0,2,6," Rp200,000 ",Ringan,Tabrakan dengan atau kecelakaan akibat binatang melintas jalan,Manusia,"Jl. Jenderal Sudirman RT.2, dekat RM Torani Gn. Bahagia, Kecamatan Balikpapan Selatan, Kota Balikpapan, Kalimantan Timur 76114, Indonesia",-1.275339032,116.865108,Jalan Nasional,Arteri,II (Jalan Sedang utk beban s/d 10 ton & 12m  Panjang Ran),4/2 B (4 Lajur/2 Arah dengan Batas Median),Lurus,Redup / Samar (Tidak jelas terlihat),Cerah
13,KOTA BALIKPAPAN,2021-11-22,01:00:00,0,1,0,3," Rp2,000,000 ",Sedang,Tabrakan dengan benda di jalan atau di atas jalan,Manusia,"Jl. Letjen S. Parman No.40 depan Gg Nur, Gunungsari Ulu, Kec. Balikpapan Tengah, Kota Balikpapan, Kalimantan Timur 76122, Indonesia",-1.2559323,116.8463538,Jalan Kota / Kabupaten,Arteri,II (Jalan Sedang utk beban s/d 10 ton & 12m  Panjang Ran),2/2 TB (2 Lajur/2 Arah Tanpa Batas Median),T (Simpang Tiga),Redup / Samar (Tidak jelas terlihat),Cerah
14,KOTA BALIKPAPAN,2021-01-01,06:30:00,1,0,5,27," Rp7,000,000 ",Berat,"Di simpang, tabrakan dengan Kendaraan B yang datang dari arah kiri",Manusia,"Jl Jendral Sudirman dekat Masjid Al Ikhlas Stal Kuda Kel.Damai Bahagia, Balikpapan Selatan",-1.274722391,116.869688,Jalan Nasional,Arteri,II (Jalan Sedang utk beban s/d 10 ton & 12m  Panjang Ran),4/2 B (4 Lajur/2 Arah dengan Batas Median),Lurus,Redup / Samar (Tidak jelas terlihat),Hujan/ Grimis
15,KOTA BALIKPAPAN,2021-01-15,07:30:00,1,0,1,15," Rp500,000 ",Berat,Tabrakan saat menyalip dari kanan,Manusia,"Jl. Ruhui Rahayu II No.77, Sepinggan, Kecamatan Balikpapan Selatan, Kota Balikpapan, Kalimantan Timur 76115, Indonesia",-1.249159,116.898232,Jalan Kota / Kabupaten,Kolektor,III (Jalan Kecil utk max beban 8 ton & 9 m Panjang Ran),2/2 TB (2 Lajur/2 Arah Tanpa Batas Median),Lurus,Terang / Jelas,Hujan/ Grimis
16,KOTA BALIKPAPAN,2021-01-28,20:30:00,1,0,1,15," Rp500,000 ",Berat,Tabrakan saat menyalip dari kiri,Manusia,"Jl. Soekarno Hatta KM 1.5 Depan Ganesha Operation Gn. Samarinda, Kec. Balikpapan Utara, Kota Balikpapan, Kalimantan Timur 76125, Indonesia",-1.2317741,116.8398446,Jalan Nasional,Arteri,II (Jalan Sedang utk beban s/d 10 ton & 12m  Panjang Ran),4/2 B (4 Lajur/2 Arah dengan Batas Median),Tikungan,Redup / Samar (Tidak jelas terlihat),Cerah
17,KOTA BALIKPAPAN,2021-01-11,20:15:00,1,0,0,12," Rp1,000,000 ",Berat,"Di simpang, tabrakan dengan Kendaraan B yang datang dari arah kanan",Manusia,Jalan Jendral Sudirman putaran Pemkot Balikpapan,-1.2768477,116.8335069,Jalan Propinsi,Arteri,II (Jalan Sedang utk beban s/d 10 ton & 12m  Panjang Ran),4/2 B (4 Lajur/2 Arah dengan Batas Median),Lurus,Terang / Jelas,Cerah
18,KOTA BALIKPAPAN,2021-01-08,05:55:00,1,0,0,12," Rp500,000 ",Berat,"Di ruas jalan, pejalan kaki menyeberang dari kanan ke kiri",Manusia,"Jalan Jendral Ahmad Yani Depan bengkel Sumber Makmur Gunungsari Ilir, Kec. Balikpapan Tengah, Kota Balikpapan, Kalimantan Timur 76124, Indonesia",-1.2643798,116.8376753,Jalan Propinsi,Arteri,II (Jalan Sedang utk beban s/d 10 ton & 12m  Panjang Ran),4/2 B (4 Lajur/2 Arah dengan Batas Median),Tikungan,Terang / Jelas,Cerah
19,KOTA BALIKPAPAN,2021-02-04,14:00:00,1,0,1,15," Rp10,000,000 ",Berat,Kendaraan tidak terkendali di simpang,Manusia,"Jl. Mayjen DI Panjaitan Rt 79 dekat swalayan Maxy Karang Rejo, Kec. Balikpapan Tengah, Kota Balikpapan, Kalimantan Timur 76124, Indonesia",-1.239548557,116.8459767,Jalan Kota / Kabupaten,Kolektor,III (Jalan Kecil utk max beban 8 ton & 9 m Panjang Ran),2/2 TB (2 Lajur/2 Arah Tanpa Batas Median),Tikungan,Terang / Jelas,Cerah
20,KOTA BALIKPAPAN,2021-02-12,02:30:00,0,1,0,3," Rp500,000 ",Sedang,Tabrakan dengan kendaraan menyebrang dari sisi kanan jalan,Manusia,"Jl Soekarno Hatta KM.11 depan Kuburan Muslim Karang Joang, Kec. Balikpapan Utara, Kota Balikpapan, Kalimantan Timur 76127, Indonesia",-1.176029858,116.8799669,Jalan Nasional,Arteri,II (Jalan Sedang utk beban s/d 10 ton & 12m  Panjang Ran),2/2 TB (2 Lajur/2 Arah Tanpa Batas Median),Lurus,Redup / Samar (Tidak jelas terlihat),Cerah
21,KOTA BALIKPAPAN,2021-02-15,02:30:00,1,0,0,12," Rp1,000,000 ",Berat,Kendaraan Out of Control keluar ke kiri jalan,Manusia,"Jl. Jenderal Sudirman Depan Trakindo Utama, Kel.Gn Bahagia, Kec.Balikpapan Selatan, Kota Balikpapan, Kalimantan Timur 76114, Indonesia",-1.274290201,116.8726549,Jalan Nasional,Arteri,II (Jalan Sedang utk beban s/d 10 ton & 12m  Panjang Ran),4/2 B (4 Lajur/2 Arah dengan Batas Median),Lurus,Terang / Jelas,Cerah
22,KOTA BALIKPAPAN,2021-02-17,23:30:00,1,0,0,12," Rp1,000,000 ",Berat,Tabrakan dengan kendaraan parkir di kiri,Manusia,Jl MayJend Sutoyo depan Dealer Nissan Gn Malang,-1.26890799,116.8446911,Jalan Kota / Kabupaten,Arteri,II (Jalan Sedang utk beban s/d 10 ton & 12m  Panjang Ran),4/2 TB (4 Lajur/2 Arah Tanpa Batas Median),Tikungan,Redup / Samar (Tidak jelas terlihat),Cerah
23,KOTA BALIKPAPAN,2021-02-16,13:06:00,1,0,0,12," Rp1,000,000 ",Berat,Tabrak kendaraan belok kanan dengan kendaraan yang jalan lurus,Manusia,"Jl. Soekarno Hatta KM.15 Karang Joang, Kec. Balikpapan Utara, Kota Balikpapan, Kalimantan Timur 76127, Indonesia",-1.147856454,116.8770879,Jalan Nasional,Arteri,II (Jalan Sedang utk beban s/d 10 ton & 12m  Panjang Ran),2/2 TB (2 Lajur/2 Arah Tanpa Batas Median),Lurus,Terang / Jelas,Cerah
24,KOTA BALIKPAPAN,2021-02-19,11:00:00,1,0,0,12," Rp1,000,000 ",Berat,Tabrakan depan - depan,Manusia,Jl Soekarno Hatta KM.21 dekat warung Troy Kel.Karang Joang Kec.Balikpapan Utara,-1.104159546,116.8870439,Jalan Nasional,Arteri,II (Jalan Sedang utk beban s/d 10 ton & 12m  Panjang Ran),2/2 TB (2 Lajur/2 Arah Tanpa Batas Median),Tikungan,Terang / Jelas,Cerah
25,KOTA BALIKPAPAN,2021-02-21,09:00:00,1,0,0,12," Rp1,000,000 ",Berat,"Di simpang, tabrakan dengan Kendaraan B yang datang dari arah kanan",Manusia,Jl MT Haryono simpang Indrakila dekat RS Kanujoso Balikpapan,-1.224017795,116.8666329,Jalan Nasional,Arteri,II (Jalan Sedang utk beban s/d 10 ton & 12m  Panjang Ran),4/2 TB (4 Lajur/2 Arah Tanpa Batas Median),T (Simpang Tiga),Terang / Jelas,Cerah
26,KOTA BALIKPAPAN,2021-03-24,12:30:00,1,0,0,12," Rp1,000,000 ",Berat,Tabrakan saat menyalip dari kanan,Manusia,"Jl. Soekarno Hatta KM.15 depan Jl Giri Rejo Karang Joang, Kec. Balikpapan Utara, Kota Balikpapan, Kalimantan Timur 76127, Indonesia",-1.150765204,116.8774343,Jalan Kota / Kabupaten,Arteri,II (Jalan Sedang utk beban s/d 10 ton & 12m  Panjang Ran),2/2 TB (2 Lajur/2 Arah Tanpa Batas Median),T (Simpang Tiga),Terang / Jelas,Cerah
27,KOTA BALIKPAPAN,2021-03-23,14:00:00,1,0,0,12," Rp200,000 ",Berat,Tabrakan samping,Manusia,"Jl Jendral Ahmad Yani depan Gg Cemara RT.05 Kelurahan Gunung Sari Ulu, Kec. Balikpapan Tengah, Kota Balikpapan, Kalimantan Timur 76122, Indonesia",-1.25933855,116.8393321,Jalan Kota / Kabupaten,Arteri,II (Jalan Sedang utk beban s/d 10 ton & 12m  Panjang Ran),4/2 B (4 Lajur/2 Arah dengan Batas Median),Lurus,Terang / Jelas,Cerah
28,KOTA BALIKPAPAN,2021-03-30,03:15:00,0,1,1,6," Rp10,000,000 ",Sedang,Tabrakan depan - depan,Manusia,"Jl. Soekarno Hatta KM.05 depan Perum Nirwana Kec. Balikpapan Utara, Kota Balikpapan, Kalimantan Timur 76125, Indonesia",-1.2127297,116.8611995,Jalan Nasional,Arteri,II (Jalan Sedang utk beban s/d 10 ton & 12m  Panjang Ran),4/2 TB (4 Lajur/2 Arah Tanpa Batas Median),Lurus,Redup / Samar (Tidak jelas terlihat),Cerah
29,KOTA BALIKPAPAN,2021-04-15,06:00:00,0,1,1,6," Rp500,000 ",Sedang,Tabrakan depan - depan,Manusia,"Jl. Syarifuddin Yoes depan indomaret Ratu Kencana Kel.Gn Bahagia, Kecamatan Balikpapan Selatan, Kota Balikpapan, Kalimantan Timur 76115, Indonesia",-1.236175457,116.8887719,Jalan Nasional,Arteri,II (Jalan Sedang utk beban s/d 10 ton & 12m  Panjang Ran),4/2 TB (4 Lajur/2 Arah Tanpa Batas Median),Lurus,Terang / Jelas,Cerah
30,KOTA BALIKPAPAN,2021-04-14,11:00:00,1,0,0,12," Rp1,000,000 ",Berat,Tabrakan saat menyalip dari kiri,Manusia,"Jl MT Haryono dekat toko Gaza Plastik Kel.Batu Ampar Kec.Balikpapan Utara, Kota Balikpapan, Kalimantan Timur 76136, Indonesia",-1.217414646,116.8604419,Jalan Nasional,Arteri,II (Jalan Sedang utk beban s/d 10 ton & 12m  Panjang Ran),4/2 B (4 Lajur/2 Arah dengan Batas Median),Tikungan,Terang / Jelas,Cerah
31,KOTA BALIKPAPAN,2021-04-17,03:15:00,1,0,0,12," Rp1,000,000 ",Berat,Tabrakan depan - belakang,Manusia,"Jl. Soekarno Hatta KM.05 Kel.Batu Ampar, Kec. Balikpapan Utara, Kota Balikpapan, Kalimantan Timur 76136, Indonesia",-1.212868,116.8591058,Jalan Nasional,Arteri,II (Jalan Sedang utk beban s/d 10 ton & 12m  Panjang Ran),4/2 TB (4 Lajur/2 Arah Tanpa Batas Median),Lurus,Redup / Samar (Tidak jelas terlihat),Berawan/ Mendung
32,KOTA BALIKPAPAN,2021-04-18,16:30:00,1,0,0,12," Rp1,000,000 ",Berat,Tabrakan saat menyalip dari kiri,Manusia,"Jl. Soekarno Hatta km.22 depan warung Ipul Kel.Karang Joang, Kec. Balikpapan Utara, Kota Balikpapan, Kalimantan Timur 76127, Indonesia",-1.1013174,116.8923224,Jalan Nasional,Arteri,II (Jalan Sedang utk beban s/d 10 ton & 12m  Panjang Ran),4/2 TB (4 Lajur/2 Arah Tanpa Batas Median),Lurus,Terang / Jelas,Berawan/ Mendung
33,KOTA BALIKPAPAN,2021-04-28,13:00:00,1,1,0,15," Rp5,000,000 ",Berat,Tabrakan depan - belakang,Manusia,Jl Soekarno Hatta KM.18 depan Balai penyuluhan Pertanian Karang Joang Bpp,-1.121019786,116.8841824,Jalan Nasional,Arteri,II (Jalan Sedang utk beban s/d 10 ton & 12m  Panjang Ran),2/2 TB (2 Lajur/2 Arah Tanpa Batas Median),Lurus,Terang / Jelas,Cerah
34,KOTA BALIKPAPAN,2021-05-29,07:00:00,1,0,0,12," Rp500,000 ",Berat,"Di ruas, kendaraan lurus dengan pejalan kaki dari kanan di Zebra Cross",Manusia,"Jl Mulawarman dekat Gg SDN 05 simpang PJHI Batakan, Manggar, Kec. Balikpapan Tim., Kota Balikpapan, Kalimantan Timur, Indonesia",-1.243556757,116.942239,Jalan Propinsi,Arteri,II (Jalan Sedang utk beban s/d 10 ton & 12m  Panjang Ran),2/2 TB (2 Lajur/2 Arah Tanpa Batas Median),Lurus,Terang / Jelas,Cerah
35,KOTA BALIKPAPAN,2021-06-05,17:30:00,1,0,0,12," Rp400,000 ",Berat,Tabrakan saat menyalip dari kanan,Manusia,"JL. Soekarno Hatta Km 4,5 dekat Bank BNI Batu Ampar, Kec. Balikpapan Utara, Kota Balikpapan, Kalimantan Timur 76136, Indonesia",-1.2131042,116.8589563,Jalan Nasional,Arteri,II (Jalan Sedang utk beban s/d 10 ton & 12m  Panjang Ran),4/2 B (4 Lajur/2 Arah dengan Batas Median),Lurus,Terang / Jelas,Cerah
36,KOTA BALIKPAPAN,2021-06-06,05:00:00,1,0,0,12," Rp1,000,000 ",Berat,Tabrakan dengan Kendaraan menyebrang dari sisi kiri jalan,Manusia,"Jalan Jendral Sudirman depan Ruko Bandar, Klandasan Ulu, Balikpapan Kota, Kota Balikpapan, Kalimantan Timur, Indonesia",-1.2771459,116.835891,Jalan Nasional,Arteri,II (Jalan Sedang utk beban s/d 10 ton & 12m  Panjang Ran),4/2 B (4 Lajur/2 Arah dengan Batas Median),Lurus,Terang / Jelas,Cerah
37,KOTA BALIKPAPAN,2021-06-06,03:00:00,2,0,1,27," Rp1,000,000 ",Berat,Tabrakan depan - depan,Manusia,"Jl Mulawarman dekat Mapolsek Lamaru, Kec. Balikpapan Timur, Kota Balikpapan, Kalimantan Timur 76117, Indonesia",-1.2009324,116.9825043,Jalan Propinsi,Arteri,II (Jalan Sedang utk beban s/d 10 ton & 12m  Panjang Ran),2/2 TB (2 Lajur/2 Arah Tanpa Batas Median),Lurus,Redup / Samar (Tidak jelas terlihat),Cerah
38,KOTA BALIKPAPAN,2021-06-15,08:30:00,1,0,0,12," Rp500,000 ",Berat,Tabrakan depan - belakang,Manusia,"Jl Letjen Suprapto depan musholla at taslim pasar Inpres Kebun Sayur Kec. Balikpapan Barat, Kota Balikpapan, Kalimantan Timur 76123, Indonesia",-1.234702554,116.8235505,Jalan Kota / Kabupaten,Arteri,II (Jalan Sedang utk beban s/d 10 ton & 12m  Panjang Ran),4/2 B (4 Lajur/2 Arah dengan Batas Median),Lurus,Terang / Jelas,Hujan/ Grimis
39,KOTA BALIKPAPAN,2021-06-30,10:00:00,1,0,0,12," Rp1,000,000 ",Berat,Tabrakan depan - belakang,Manusia,"Jl  Marsma R Iswahyudi No.121 depan Disporpar, Kota Balikpapan",-1.27005937,116.8755598,Jalan Propinsi,Arteri,II (Jalan Sedang utk beban s/d 10 ton & 12m  Panjang Ran),4/2 B (4 Lajur/2 Arah dengan Batas Median),Lurus,Terang / Jelas,Berawan/ Mendung
40,KOTA BALIKPAPAN,2021-07-10,23:45:00,0,1,1,6," Rp3,000,000 ",Sedang,Tabrakan kendaraan belok kanan dengan kendaraan dari arah kiri,Manusia,"Jl. Jenderal Sudirman dekat JNE Stal kuda Kel.Damai Bahagia, Kec.Balikpapan Selatan, Kota Balikpapan, Kalimantan Timur 76114, Indonesia",-1.2738512,116.8616705,Jalan Nasional,Arteri,II (Jalan Sedang utk beban s/d 10 ton & 12m  Panjang Ran),4/2 B (4 Lajur/2 Arah dengan Batas Median),Lurus,Terang / Jelas,Cerah
41,KOTA BALIKPAPAN,2021-07-25,17:00:00,1,0,0,12," Rp300,000 ",Berat,Tabrakan depan - belakang,Manusia,"Jl. Letjen S. Parman dekat SMK Airlangga, Gunung Sari Ulu, Kec. Balikpapan Tengah, Kota Balikpapan, Kalimantan Timur 76122, Indonesia",-1.2550244,116.8434647,Jalan Kota / Kabupaten,Kolektor,III (Jalan Kecil utk max beban 8 ton & 9 m Panjang Ran),4/2 B (4 Lajur/2 Arah dengan Batas Median),Lurus,Terang / Jelas,Cerah
42,KOTA BALIKPAPAN,2021-07-27,08:30:00,1,0,0,12," Rp300,000 ",Berat,"Di simpang, tabrakan dengan Kendaraan B yang datang dari arah kanan",Manusia,"Jl Jenderal Sudirman putaran Jabal Nor Kel.Klandasan Ilir, Balikpapan Kota, Kota Balikpapan, Kalimantan Timur, Indonesia",-1.2767299,116.8402461,Jalan Nasional,Arteri,II (Jalan Sedang utk beban s/d 10 ton & 12m  Panjang Ran),6/2 B (6 Lajur/2 Arah dengan Batas Median),Lurus,Terang / Jelas,Cerah
43,KOTA BALIKPAPAN,2021-06-07,06:20:00,0,0,1,3," Rp500,000 ",Ringan,Tabrakan saat menyalip,Jalan,"Jl Mulawarman depan PT Elnusa Kel.Manggar, Kec. Balikpapan Timur, Kota Balikpapan, Kalimantan Timur 76116, Indonesia",-1.248821,116.9349805,Jalan Propinsi,Arteri,II (Jalan Sedang utk beban s/d 10 ton & 12m  Panjang Ran),2/2 TB (2 Lajur/2 Arah Tanpa Batas Median),Lurus,Terang / Jelas,Cerah
44,KOTA BALIKPAPAN,2021-08-04,02:45:00,1,0,0,12," Rp2,000,000 ",Berat,Kendaraan Out of Control keluar ke kiri jalan,Manusia,Jl Jenderal Sudirman depan pintu masuk Aspol Brimob Stal kuda kel.Damai Bahagia kec.Balikpapan Selatan,-1.2743572,116.8620162,Jalan Nasional,Arteri,II (Jalan Sedang utk beban s/d 10 ton & 12m  Panjang Ran),4/2 B (4 Lajur/2 Arah dengan Batas Median),Tikungan,Redup / Samar (Tidak jelas terlihat),Cerah
45,KOTA BALIKPAPAN,2021-08-24,20:00:00,1,0,0,12," Rp2,000,000 ",Berat,Tabrakan dengan kendaraan parkir di kiri,Manusia,Jl Soekarno Hatta KM.18 dekat Bengkel Sepeda Mario Wali RT.39 Kel.Karang Joang Kec.Balikpapan Utara,-1.132603451,116.8817239,Jalan Nasional,Arteri,II (Jalan Sedang utk beban s/d 10 ton & 12m  Panjang Ran),2/2 TB (2 Lajur/2 Arah Tanpa Batas Median),Lurus,Redup / Samar (Tidak jelas terlihat),Cerah
46,KOTA BALIKPAPAN,2021-07-29,16:30:00,0,1,3,12," Rp1,000,000 ",Sedang,Tabrakan depan - depan,Manusia,"Jl. Soekarno Hatta KM 8.5 depan Gapura Padat Karya Kel.Batu Ampar, Kec. Balikpapan Utara, Kota Balikpapan, Kalimantan Timur 76127, Indonesia",-1.1999889,116.8836795,Jalan Nasional,Arteri,II (Jalan Sedang utk beban s/d 10 ton & 12m  Panjang Ran),4/2 B (4 Lajur/2 Arah dengan Batas Median),Lurus,Terang / Jelas,Cerah
47,KOTA BALIKPAPAN,2021-09-10,15:30:00,1,0,0,12," Rp500,000 ",Berat,Tabrakan saat menyalip dari kiri,Manusia,"Jl. Sultan Hasanuddin tanjakan dekat PT Bumi Intan gemilang RT.048 Kariangau, Balikpapan Barat",-1.175243341,116.849157,Jalan Nasional,Arteri,II (Jalan Sedang utk beban s/d 10 ton & 12m  Panjang Ran),2/2 TB (2 Lajur/2 Arah Tanpa Batas Median),Lurus,Terang / Jelas,Cerah
48,KOTA BALIKPAPAN,2021-08-30,23:30:00,0,1,0,3," Rp1,000,000 ",Sedang,Tabrakan depan - depan,Manusia,"Jalan Mulawarman RT.05 depan toko Mia Kel.Lamaru, Kec Balikpapan timur, Kota Balikpapan, Kalimantan Timur 76118, Indonesia",-1.1921058,116.9940068,Jalan Propinsi,Arteri,II (Jalan Sedang utk beban s/d 10 ton & 12m  Panjang Ran),2/2 TB (2 Lajur/2 Arah Tanpa Batas Median),Tikungan,Redup / Samar (Tidak jelas terlihat),Cerah
49,KOTA BALIKPAPAN,2021-09-25,23:00:00,1,0,0,12," Rp5,000,000 ",Berat,Tabrakan depan - belakang,Manusia,"Jl Hendriawan Sie dekat terapi Choyang Kel.Mekarsi Kec. Balikpapan Tengah, Kota Balikpapan, Kalimantan Timur 76113, Indonesia",-1.2616373,116.8382541,Jalan Kota / Kabupaten,Lokal / Lingkungan,III (Jalan Kecil utk max beban 8 ton & 9 m Panjang Ran),2/2 TB (2 Lajur/2 Arah Tanpa Batas Median),Lurus,Redup / Samar (Tidak jelas terlihat),Cerah
50,KOTA BALIKPAPAN,2021-07-08,00:30:00,1,0,0,12," Rp1,000,000 ",Berat,Kendaraan Out of Control keluar ke kanan jalan,Manusia,"Jl Kapten Piere Tendean RT.46 depan English First Kel.Telagasari, Balikpapan Kota, Kalimantan Timur 76112, Indonesia",-1.269914012,116.8337985,Jalan Kota / Kabupaten,Kolektor,III (Jalan Kecil utk max beban 8 ton & 9 m Panjang Ran),4/2 B (4 Lajur/2 Arah dengan Batas Median),Tikungan,Redup / Samar (Tidak jelas terlihat),Cerah
51,KOTA BALIKPAPAN,2021-09-28,00:20:00,1,0,0,12," Rp1,000,000 ",Berat,"Di ruas jalan, pejalan kaki menyeberang dari kanan ke kiri",Manusia,"Jl. Soekarno Hatta KM.5,5 dekat Masjid Nurul Aman, Batu Ampar, Kec. Balikpapan Utara, Kota Balikpapan, Kalimantan Timur 76136, Indonesia",-1.212371381,116.8615629,Jalan Nasional,Arteri,I (Jalan Besar utk beban 10 ton & max 18 m Panjang Ran),4/2 TB (4 Lajur/2 Arah Tanpa Batas Median),Lurus,Redup / Samar (Tidak jelas terlihat),Cerah
52,KOTA BALIKPAPAN,2021-09-28,05:30:00,1,0,0,12," Rp500,000 ",Berat,Tabrakan depan - belakang,Manusia,"Jl. Jenderal Sudirman dekat pegadaian, Klandasan Ulu, Balikpapan Kota, Kota Balikpapan, Kalimantan Timur 76112, Indonesia",-1.277276906,116.8320992,Jalan Nasional,Arteri,II (Jalan Sedang utk beban s/d 10 ton & 12m  Panjang Ran),4/2 B (4 Lajur/2 Arah dengan Batas Median),Lurus,Redup / Samar (Tidak jelas terlihat),Cerah
53,KOTA BALIKPAPAN,2021-09-28,17:30:00,1,0,1,15," Rp500,000 ",Berat,Tabrakan depan - depan,Manusia,"Jl Soekarno Hatta KM.24 dekat bios cafe Karang Joang, Kec. Balikpapan Utara, Kota Balikpapan, Kalimantan Timur 76127, Indonesia",-1.090060933,116.9078596,Jalan Nasional,Arteri,II (Jalan Sedang utk beban s/d 10 ton & 12m  Panjang Ran),2/2 TB (2 Lajur/2 Arah Tanpa Batas Median),Tikungan,Terang / Jelas,Cerah
54,KOTA BALIKPAPAN,2021-10-19,18:30:00,1,0,0,12," Rp500,000 ",Berat,"Di ruas jalan, pejalan kaki menyeberang dari kanan ke kiri",Manusia,"Jl. Mulawarman depan Toko Metro Kel.Manggar Baru Kec.Balikpapan Timur, Kota Balikpapan.",-1.2162985,116.9711464,Jalan Propinsi,Arteri,II (Jalan Sedang utk beban s/d 10 ton & 12m  Panjang Ran),2/2 TB (2 Lajur/2 Arah Tanpa Batas Median),Lurus,Terang / Jelas,Cerah
55,KOTA BALIKPAPAN,2021-10-13,23:15:00,0,1,1,6," Rp1,000,000 ",Sedang,"Di simpang, tabrakan dengan Kendaraan B yang datang dari arah kanan",Manusia,"Jl. Jenderal Sudirman Gerbang Beriman, Damai, Balikpapan Kota, Kota Balikpapan, Kalimantan Timur 76113, Indonesia",-1.271461612,116.8532928,Jalan Nasional,Arteri,II (Jalan Sedang utk beban s/d 10 ton & 12m  Panjang Ran),4/2 B (4 Lajur/2 Arah dengan Batas Median),T (Simpang Tiga),Terang / Jelas,Cerah
56,KOTA BALIKPAPAN,2021-10-23,12:30:00,0,1,0,3," Rp2,000,000 ",Sedang,Tabrakan depan - depan,Manusia,Jl. Soekarno Hatta Km.16 tikungan dekat SMAN 9 Kel. Karang Joang  Kec.Balikpapan Utara Kota Balikpapan.,-1.143411496,116.8754926,Jalan Nasional,Arteri,II (Jalan Sedang utk beban s/d 10 ton & 12m  Panjang Ran),2/2 TB (2 Lajur/2 Arah Tanpa Batas Median),Tikungan,Terang / Jelas,Cerah
57,KOTA BALIKPAPAN,2021-10-31,01:00:00,2,0,0,24," Rp1,000,000 ",Berat,Tabrakan depan - depan,Manusia,"Jl. Mulawarman dekat pemancingan Linov Lamaru, Kec. Balikpapan Tim., Kota Balikpapan, Kalimantan Timur 76117, Indonesia",-1.196328113,116.9870055,Jalan Propinsi,Arteri,II (Jalan Sedang utk beban s/d 10 ton & 12m  Panjang Ran),2/2 TB (2 Lajur/2 Arah Tanpa Batas Median),Lurus,Gelap / Sulit Terlihat,Cerah
58,KOTA BALIKPAPAN,2021-10-31,00:30:00,1,0,0,12," Rp1,000,000 ",Berat,Tabrakan depan - depan,Manusia,"Jl 21 Januari simpang Jalan Telaga mas, Baru Tengah, Kec. Balikpapan Barat, Kota Balikpapan, Kalimantan Timur, Indonesia",-1.2346355,116.8161383,Jalan Kota / Kabupaten,Kolektor,III (Jalan Kecil utk max beban 8 ton & 9 m Panjang Ran),2/2 TB (2 Lajur/2 Arah Tanpa Batas Median),Tikungan,Redup / Samar (Tidak jelas terlihat),Cerah
59,KOTA BALIKPAPAN,2021-10-28,19:00:00,1,0,0,12," Rp200,000 ",Berat,"Di ruas jalan, pejalan kaki menyeberang dari kiri ke kanan",Manusia,"Jl Letjen Zaini Azhar Maulani dekat Kedai Salina, Damai Bahagia, Kecamatan Balikpapan Selatan, Kota Balikpapan, Kalimantan Timur 76114, Indonesia",-1.2620669,116.8747593,Jalan Kota / Kabupaten,Kolektor,II (Jalan Sedang utk beban s/d 10 ton & 12m  Panjang Ran),2/2 TB (2 Lajur/2 Arah Tanpa Batas Median),Lurus,Redup / Samar (Tidak jelas terlihat),Cerah
60,KOTA BALIKPAPAN,2021-11-07,13:00:00,0,0,1,3," Rp1,000,000 ",Ringan,Tabrakan depan - belakang,Manusia,"Jl Grandcity dekat Pos Security Kel.Batu Ampar Kec.Balikpapan Utara, Kota Balikpapan",-1.218218301,116.8784928,Jalan Kota / Kabupaten,Arteri,II (Jalan Sedang utk beban s/d 10 ton & 12m  Panjang Ran),4/2 B (4 Lajur/2 Arah dengan Batas Median),Tikungan,Terang / Jelas,Cerah
61,KOTA BALIKPAPAN,2021-11-08,15:00:00,0,0,2,6," Rp300,000 ",Ringan,"Di ruas jalan, pejalan kaki menyeberang dari kanan ke kiri",Manusia,"Jalan Markoni Dalam depan gang Mubarok kel Klandasan ilir Kec Balikpapan Kota, Kota Balikpapan",-1.269894158,116.8479138,Jalan Desa,Kolektor,III (Jalan Kecil utk max beban 8 ton & 9 m Panjang Ran),2/2 TB (2 Lajur/2 Arah Tanpa Batas Median),Tikungan,Terang / Jelas,Cerah
62,KOTA BALIKPAPAN,2021-11-14,06:30:00,1,0,0,12," Rp2,000,000 ",Berat,Tabrakan depan - depan,Manusia,"Jalan Soekarno Hatta KM.20 dekat Gg Borneo Kel.Karang Joang, Kec Balikpapan Utara",-1.107543202,116.8787482,Jalan Nasional,Arteri,II (Jalan Sedang utk beban s/d 10 ton & 12m  Panjang Ran),2/2 TB (2 Lajur/2 Arah Tanpa Batas Median),Lurus,Terang / Jelas,Cerah
63,KOTA BALIKPAPAN,2021-11-16,17:30:00,1,1,0,15," Rp5,000,000 ",Berat,Tabrakan depan - depan,Manusia,Jl Mulawarman dekat Ponpes Hidayatulloh Kel.Teritip kec.Balikpapan Timur,-1.133860443,116.9971827,Jalan Propinsi,Arteri,II (Jalan Sedang utk beban s/d 10 ton & 12m  Panjang Ran),2/2 TB (2 Lajur/2 Arah Tanpa Batas Median),Tikungan,Redup / Samar (Tidak jelas terlihat),Cerah
64,KOTA BALIKPAPAN,2021-12-01,18:30:00,1,0,0,12," Rp1,000,000 ",Berat,"Di ruas, kendaraan lurus dengan pejalan kaki dari kiri di Zebra Cross",Manusia,"Jl. Marsma Iswahyudi dekat Disporapar, Gn. Bahagia, Kecamatan Balikpapan Selatan, Kota Balikpapan, Kalimantan Timur 76114, Indonesia",-1.270015732,116.8756078,Jalan Propinsi,Arteri,II (Jalan Sedang utk beban s/d 10 ton & 12m  Panjang Ran),4/2 B (4 Lajur/2 Arah dengan Batas Median),Lurus,Terang / Jelas,Cerah
65,KOTA BALIKPAPAN,2021-12-15,06:20:00,1,0,2,18," Rp2,000,000 ",Berat,Tabrakan depan - depan,Manusia,"Jalan ARS. Muhammad dekat simpang  Jl. Ery Suparjan Kel. Kladasan Ulu Kec. Balikpapan Kota, Kota Balikpapan.",-1.2723382,116.8326854,Jalan Kota / Kabupaten,Kolektor,III (Jalan Kecil utk max beban 8 ton & 9 m Panjang Ran),2/2 TB (2 Lajur/2 Arah Tanpa Batas Median),Lurus,Terang / Jelas,Cerah
66,KOTA BALIKPAPAN,2021-12-15,19:50:00,1,0,0,12," Rp500,000 ",Berat,"Di ruas, kendaraan lurus dengan pejalan kaki dari kiri di Zebra Cross",Manusia,"Jl Jenderal Sudirman Zebra Cross depan Bank BRI, Klandasan Ilir, Kecamatan Balikpapan Selatan, Kota Balikpapan, Kalimantan Timur, Indonesia",-1.2771428,116.8302193,Jalan Nasional,Arteri,II (Jalan Sedang utk beban s/d 10 ton & 12m  Panjang Ran),6/2 B (6 Lajur/2 Arah dengan Batas Median),Lurus,Terang / Jelas,Cerah
67,KOTA BALIKPAPAN,2021-12-31,08:30:00,1,1,1,18," Rp10,000,000 ",Berat,Tabrakan depan - belakang,Kendaraan,"Jl MT Haryono dekat kantor JnT, Gn. Bahagia, Kecamatan Balikpapan Selatan, Kota Balikpapan, Kalimantan Timur 76114, Indonesia",-1.2391528,116.8736451,Jalan Propinsi,Arteri,II (Jalan Sedang utk beban s/d 10 ton & 12m  Panjang Ran),4/2 B (4 Lajur/2 Arah dengan Batas Median),Lurus,Terang / Jelas,Cerah
68,KOTA BALIKPAPAN,2021-12-05,04:30:00,1,0,0,12," Rp2,000,000 ",Berat,Tabrakan kendaraan belok kanan dengan kendaraan yang datang dari arah berlawanan,Manusia,"Jl Mulawarman simpang jl Rawa mangun Indah Kel.Lamaru, Balikpapan Timur",-1.202695083,116.9807174,Jalan Propinsi,Arteri,II (Jalan Sedang utk beban s/d 10 ton & 12m  Panjang Ran),2/2 TB (2 Lajur/2 Arah Tanpa Batas Median),T (Simpang Tiga),Redup / Samar (Tidak jelas terlihat),Cerah
69,KOTA BALIKPAPAN,2021-12-23,22:30:00,1,0,0,12," Rp1,000,000 ",Berat,Tabrakan dengan Kendaraan menyebrang dari sisi kiri jalan,Manusia,Jl Mulawarman dekat SPBU Batakan Kel.Manggar Kec.Balikpapan Timur,-1.246390636,116.9382516,Jalan Propinsi,Arteri,II (Jalan Sedang utk beban s/d 10 ton & 12m  Panjang Ran),2/2 TB (2 Lajur/2 Arah Tanpa Batas Median),Lurus,Terang / Jelas,Cerah
70,KOTA BALIKPAPAN,2022-01-05,10:00:00,0,1,1,6," Rp500,000 ",Sedang,"Di ruas jalan, pejalan kaki menyeberang dari kiri ke kanan",Manusia,"Jl Soekarno Hatta KM.4 depan toko Andalas Kel.Batu Ampar, Kec. Balikpapan Utara, Kota Balikpapan, Kalimantan Timur 76125, Indonesia",-1.216656001,116.8514658,Jalan Nasional,Arteri,II (Jalan Sedang utk beban s/d 10 ton & 12m  Panjang Ran),2/2 TB (2 Lajur/2 Arah Tanpa Batas Median),Lurus,Terang / Jelas,Cerah
71,KOTA BALIKPAPAN,2022-01-09,18:30:00,0,1,0,3, Rp- ,Sedang,Tabrakan depan - belakang,Manusia,"Jl Mulawarman depan PT Komatsu Reman, Kel.Manggar, Kec. Balikpapan Timur, Kota Balikpapan, Kalimantan Timur, Indonesia",-1.236956305,116.951268,Jalan Propinsi,Arteri,II (Jalan Sedang utk beban s/d 10 ton & 12m  Panjang Ran),2/2 TB (2 Lajur/2 Arah Tanpa Batas Median),Lurus,Terang / Jelas,Cerah
72,KOTA BALIKPAPAN,2022-01-10,12:00:00,1,0,0,12," Rp2,000,000 ",Berat,Tabrakan saat menyalip,Manusia,"Jl. Klamono gatu dekat Masjid Klamono Gatu, Margo Mulyo, Kec. Balikpapan Barat, Kota Balikpapan, Kalimantan Timur 76123, Indonesia",-1.233148639,116.8308338,Jalan Kota / Kabupaten,Kolektor,III (Jalan Kecil utk max beban 8 ton & 9 m Panjang Ran),2/2 TB (2 Lajur/2 Arah Tanpa Batas Median),Lurus,Terang / Jelas,Cerah
73,KOTA BALIKPAPAN,2022-01-13,19:00:00,1,0,1,15," Rp500,000 ",Berat,Tabrakan depan - depan,Manusia,"Jl Mulawarman dekat PT Liebher Kel.Manggar, Kec. Balikpapan Timur, Kota Balikpapan, Kalimantan Timur, Indonesia",-1.240883598,116.9459328,Jalan Propinsi,Arteri,II (Jalan Sedang utk beban s/d 10 ton & 12m  Panjang Ran),2/2 TB (2 Lajur/2 Arah Tanpa Batas Median),Lurus,Terang / Jelas,Cerah
74,KOTA BALIKPAPAN,2022-01-11,20:40:00,1,0,2,18," Rp2,000,000 ",Berat,Tabrakan depan - depan,Kendaraan,"Jl Sultan Hasanuddin depan toko Rama Nadia Kel.Karang Joang Kec. Balikpapan Utara Kota Balikpapan, Kalimantan Timur 76127, Indonesia",-1.176242166,116.8438525,Jalan Propinsi,Arteri,II (Jalan Sedang utk beban s/d 10 ton & 12m  Panjang Ran),2/2 TB (2 Lajur/2 Arah Tanpa Batas Median),Lurus,Redup / Samar (Tidak jelas terlihat),Cerah
75,KOTA BALIKPAPAN,2022-02-01,16:30:00,0,1,0,3," Rp1,000,000 ",Sedang,Tabrakan dengan kendaraan menyebrang dari sisi kanan jalan,Manusia,Jl S.Hatta dekat warung bakso pak min Km.23 Kel Karang Joang Kec.Balikpapan Utara,-1.09630183,116.9013483,Jalan Nasional,Arteri,II (Jalan Sedang utk beban s/d 10 ton & 12m  Panjang Ran),2/2 TB (2 Lajur/2 Arah Tanpa Batas Median),Lurus,Terang / Jelas,Cerah
76,KOTA BALIKPAPAN,2022-01-22,13:00:00,1,0,0,12," Rp2,000,000 ",Berat,Tabrakan depan - depan,Manusia,"Jl. Mulawarman dekat Gg Selili, Manggar Baru, Kec. Balikpapan Tim., Kota Balikpapan, Kalimantan Timur 76117, Indonesia",-1.221850839,116.9661667,Jalan Propinsi,Arteri,II (Jalan Sedang utk beban s/d 10 ton & 12m  Panjang Ran),2/2 TB (2 Lajur/2 Arah Tanpa Batas Median),Lurus,Terang / Jelas,Cerah
77,KOTA BALIKPAPAN,2022-01-24,14:30:00,1,0,0,12,,Berat,"Di ruas jalan, pejalan kaki menyeberang dari kiri ke kanan",Manusia,"Jl S.Hatta KM 4.5 dekat SPBU, Batu Ampar, Kec. Balikpapan Utara, Kota Balikpapan, Kalimantan Timur 76136, Indonesia",-1.216692936,116.8527636,Jalan Nasional,Arteri,II (Jalan Sedang utk beban s/d 10 ton & 12m  Panjang Ran),4/2 B (4 Lajur/2 Arah dengan Batas Median),Lurus,Terang / Jelas,Cerah
78,KOTA BALIKPAPAN,2022-01-21,06:15:00,5,3,31,162," Rp70,000,000 ",Berat,Tabrakan depan - belakang,Manusia,"Jl Soekarno Hatta turunan Ramayana, Kel.Muara Rapak, Kec. Balikpapan Utara, Kota Balikpapan, Kalimantan Timur 76124, Indonesia",-1.242091017,116.835363,Jalan Nasional,Arteri,II (Jalan Sedang utk beban s/d 10 ton & 12m  Panjang Ran),4/2 B (4 Lajur/2 Arah dengan Batas Median),Lurus,Redup / Samar (Tidak jelas terlihat),Berawan/ Mendung
79,KOTA BALIKPAPAN,2022-01-18,17:00:00,1,0,0,12," Rp1,000,000 ",Berat,Tabrakan depan - belakang,Manusia,"Jl. Jendral Sudirman No. 484, Balikpapan Timur, Gn. Bahagia, Kecamatan Balikpapan Selatan, Kota Balikpapan, Kalimantan Timur 76114, Indonesia",-1.274282328,116.8726417,Jalan Nasional,Arteri,II (Jalan Sedang utk beban s/d 10 ton & 12m  Panjang Ran),4/2 B (4 Lajur/2 Arah dengan Batas Median),Lurus,Terang / Jelas,Cerah
80,KOTA BALIKPAPAN,2022-02-24,13:00:00,1,0,1,15," Rp1,000,000 ",Berat,Tabrakan saat menyalip,Manusia,"Jl. Soekarno Hatta KM 4.5 No.5 Batu Ampar, Kec. Balikpapan Utara, Kota Balikpapan, Kalimantan Timur 76125, Indonesia",-1.216643081,116.8519166,Jalan Nasional,Arteri,II (Jalan Sedang utk beban s/d 10 ton & 12m  Panjang Ran),4/2 TB (4 Lajur/2 Arah Tanpa Batas Median),Lurus,Terang / Jelas,Hujan/ Grimis
81,KOTA BALIKPAPAN,2022-03-05,07:30:00,0,0,1,3," Rp1,000,000 ",Ringan,Tabrakan kendaraan belok kanan dengan kendaraan yang datang dari arah berlawanan,Manusia,"Jl. Mulawarman depan Perum Puskoppad Rt.30 No.4, Teritip, Kec.Balikpapan Timur, Kota Balikpapan, Kalimantan Timur 75271, Indonesia",-1.166274832,117.0033753,Jalan Propinsi,Arteri,II (Jalan Sedang utk beban s/d 10 ton & 12m  Panjang Ran),2/2 TB (2 Lajur/2 Arah Tanpa Batas Median),Lurus,Terang / Jelas,Cerah
82,KOTA BALIKPAPAN,2022-03-25,04:25:00,1,0,0,12," Rp1,000,000 ",Berat,Kendaraan Out of Control keluar ke kiri jalan,Manusia,JL MARSMA R.ISWAHYUDI TIKUNGAN DEKAT LANUD DHOMBER BALIKPAPAN,-1.259687836,116.9153732,Jalan Propinsi,Arteri,II (Jalan Sedang utk beban s/d 10 ton & 12m  Panjang Ran),4/2 B (4 Lajur/2 Arah dengan Batas Median),Tikungan,Redup / Samar (Tidak jelas terlihat),Cerah
83,KOTA BALIKPAPAN,2022-03-27,01:40:00,1,0,0,12," Rp5,000,000 ",Berat,"Di simpang, tabrakan dengan Kendaraan B yang datang dari arah kanan",Manusia,"Jl Jenderal Sudirman simpang Gedung Parkiir Gelora Kel.Klandasan Ulu, Kec. Balikpapan Kota, Kota Balikpapan, Kalimantan Timur, Indonesia",-1.27711668,116.8334259,Jalan Nasional,Arteri,II (Jalan Sedang utk beban s/d 10 ton & 12m  Panjang Ran),6/2 B (6 Lajur/2 Arah dengan Batas Median),T (Simpang Tiga),Terang / Jelas,Cerah
84,KOTA BALIKPAPAN,2022-03-23,08:30:00,0,0,3,9, Rp- ,Ringan,Tabrakan dengan Kendaraan menyebrang dari sisi kiri jalan,Manusia,Jl Mulawarman simpang Gg Halmahera Kel.Manggar Kec.Balikpapan Timur,-1.251553615,116.9312417,Jalan Propinsi,Arteri,III (Jalan Kecil utk max beban 8 ton & 9 m Panjang Ran),2/2 TB (2 Lajur/2 Arah Tanpa Batas Median),Lurus,Terang / Jelas,Cerah
85,KOTA BALIKPAPAN,2022-03-25,05:00:00,0,0,1,3," Rp1,000,000 ",Ringan,Tabrakan depan - belakang,Manusia,"Jl. Mulawarman Simpang Tol Manggar, Kec. Balikpapan Timur, Kota Balikpapan, Kalimantan Timur 76117, Indonesia",-1.229493587,116.9591962,Jalan Propinsi,Arteri,II (Jalan Sedang utk beban s/d 10 ton & 12m  Panjang Ran),2/2 TB (2 Lajur/2 Arah Tanpa Batas Median),T (Simpang Tiga),Terang / Jelas,Cerah
86,KOTA BALIKPAPAN,2022-04-01,16:30:00,1,0,0,12,,Berat,"Di ruas jalan, pejalan kaki menyeberang dari kiri ke kanan",Manusia,"Jl. P. Antasari No.20, RT.14, Sumber Rejo, Kec. Balikpapan Kota, Kota Balikpapan, Kalimantan Timur 76124, Indonesia",-1.251289,116.839998,Jalan Kota / Kabupaten,Kolektor,III (Jalan Kecil utk max beban 8 ton & 9 m Panjang Ran),2/2 TB (2 Lajur/2 Arah Tanpa Batas Median),Lurus,Terang / Jelas,Cerah
87,KOTA BALIKPAPAN,2022-01-21,06:15:00,1,0,0,12," Rp125,000,000 ",Berat,Tabrakan depan - belakang,Kendaraan,"Jl S.Hatta turunan muara rapak, Kec. Balikpapan Utara, Kota Balikpapan, Kalimantan Timur 76124",-1.242118314,116.8352941,Jalan Nasional,Arteri,II (Jalan Sedang utk beban s/d 10 ton & 12m  Panjang Ran),4/2 B (4 Lajur/2 Arah dengan Batas Median),Lurus,Terang / Jelas,Berawan/ Mendung
88,KOTA BALIKPAPAN,2022-04-14,16:00:00,1,0,0,12," Rp1,000,000 ",Berat,Tabrak kendaraan belok kanan dengan kendaraan yang jalan lurus,Manusia,"Jalan Mulawarman depan BNI, Manggar Baru, Balikpapan Timur, Balikpapan City, East Kalimantan 76117, Indonesia",-1.218048105,116.9696565,Jalan Propinsi,Arteri,II (Jalan Sedang utk beban s/d 10 ton & 12m  Panjang Ran),2/2 TB (2 Lajur/2 Arah Tanpa Batas Median),Lurus,Terang / Jelas,Cerah
89,KOTA BALIKPAPAN,2022-04-17,14:30:00,1,0,0,12," Rp1,000,000 ",Berat,Tabrakan depan - belakang,Manusia,"Jl Mulawarman depan RM Restu Bundo dekat SPBU Teritip, Balikpapan timur",-1.172289212,117.0017395,Jalan Propinsi,Arteri,II (Jalan Sedang utk beban s/d 10 ton & 12m  Panjang Ran),2/2 TB (2 Lajur/2 Arah Tanpa Batas Median),Lurus,Terang / Jelas,Cerah
90,KOTA BALIKPAPAN,2022-04-06,13:00:00,2,0,0,24," Rp500,000 ",Berat,Kendaraan Out of Control keluar ke kiri jalan,Manusia,"Jl Jembatan pandan barat, Marga Sari, Balikpapan Barat, Balikpapan City, East Kalimantan 76123, Indonesia",-1.238456655,116.8217328,Jalan Desa,Lokal / Lingkungan,III (Jalan Kecil utk max beban 8 ton & 9 m Panjang Ran),2/2 TB (2 Lajur/2 Arah Tanpa Batas Median),Lurus,Terang / Jelas,Cerah
91,KOTA BALIKPAPAN,2022-04-21,23:30:00,0,1,0,3," Rp2,000,000 ",Sedang,Tabrakan kendaraan belok kanan dengan kendaraan yang datang dari arah berlawanan,Manusia,"Jl Soekarno Hatta KM.08 depan Poltekba, Kel.Batu Ampar, Balikpapan Utara",-1.201659659,116.8844646,Jalan Nasional,Arteri,II (Jalan Sedang utk beban s/d 10 ton & 12m  Panjang Ran),4/2 TB (4 Lajur/2 Arah Tanpa Batas Median),Lurus,Redup / Samar (Tidak jelas terlihat),Cerah
92,KOTA BALIKPAPAN,2022-04-25,11:30:00,1,1,1,18," Rp25,000,000 ",Berat,Tabrakan depan - depan,Manusia,"Jl Letkol Pol. H.M. Asnawi Arbain, depan Bedali IV Gn. Bahagia, Kecamatan Balikpapan Selatan",-1.250130288,116.8835173,Jalan Kota / Kabupaten,Kolektor,III (Jalan Kecil utk max beban 8 ton & 9 m Panjang Ran),4/2 TB (4 Lajur/2 Arah Tanpa Batas Median),Tikungan,Terang / Jelas,Hujan/ Grimis
93,KOTA BALIKPAPAN,2022-04-23,16:45:00,1,0,0,12," Rp500,000 ",Berat,Tabrakan samping,Manusia,"Jl Syarifuddin Yoes depan PT KIM dekat SPBU lama Gn Bahagia, Kecamatan Balikpapan Selatan, Kota Balikpapan, Kalimantan Timur",-1.246027251,116.8901457,Jalan Nasional,Arteri,II (Jalan Sedang utk beban s/d 10 ton & 12m  Panjang Ran),4/2 TB (4 Lajur/2 Arah Tanpa Batas Median),Lurus,Terang / Jelas,Cerah
94,KOTA BALIKPAPAN,2022-04-24,10:30:00,0,0,2,6," Rp1,000,000 ",Ringan,Tabrakan depan - belakang,Manusia,"Jl. Soekarno Hatta KM.14 RT. 22, dekat Jl Girirejo Karang Joang, Kec. Balikpapan Utara, Kota Balikpapan, Kalimantan Timur 76127, Indonesia",-1.157667905,116.879743,Jalan Nasional,Arteri,II (Jalan Sedang utk beban s/d 10 ton & 12m  Panjang Ran),2/2 TB (2 Lajur/2 Arah Tanpa Batas Median),Lurus,Terang / Jelas,Cerah
95,KOTA BALIKPAPAN,2022-05-01,23:00:00,1,0,0,12," Rp500,000 ",Berat,Tabrakan saat menyalip dari kanan,Manusia,"Jl Mulawarman depan UPTD ujii Kir Kel.Sepinggan, Kecamatan Balikpapan Selatan",-1.252768239,116.9295477,Jalan Propinsi,Arteri,II (Jalan Sedang utk beban s/d 10 ton & 12m  Panjang Ran),4/2 TB (4 Lajur/2 Arah Tanpa Batas Median),Lurus,Redup / Samar (Tidak jelas terlihat),Cerah
96,KOTA BALIKPAPAN,2022-04-29,16:45:00,1,0,0,12," Rp500,000 ",Berat,Tabrakan saat menyalip dari kiri,Manusia,"Jl Mulawarman depan PT PAMA Manggar Kec. Balikpapan Timur, Kota Balikpapan",-1.223852927,116.9643042,Jalan Propinsi,Arteri,II (Jalan Sedang utk beban s/d 10 ton & 12m  Panjang Ran),2/2 TB (2 Lajur/2 Arah Tanpa Batas Median),Lurus,Terang / Jelas,Cerah
97,KOTA BALIKPAPAN,2022-04-30,00:15:00,0,0,1,3," Rp3,000,000 ",Ringan,Tabrakan depan - belakang,Manusia,"Jl. Soekarno Hatta KM.11 dekat TPU Muslim Karang Joang, Kec. Balikpapan Utara, Kota Balikpapan, Kalimantan Timur 76127, Indonesia",-1.176706836,116.8800735,Jalan Nasional,Arteri,II (Jalan Sedang utk beban s/d 10 ton & 12m  Panjang Ran),2/2 TB (2 Lajur/2 Arah Tanpa Batas Median),Lurus,Redup / Samar (Tidak jelas terlihat),Cerah
98,KOTA BALIKPAPAN,2022-05-09,18:48:00,1,0,0,12," Rp1,000,000 ",Berat,Tabrakan saat menyalip,Manusia,"Jl. Mulawarman RT. 07 No.47, Manggar Baru, Kec. Balikpapan Tim., Kota Balikpapan, Kalimantan Timur 76117, Indonesia",-1.217605693,116.970063,Jalan Propinsi,Arteri,II (Jalan Sedang utk beban s/d 10 ton & 12m  Panjang Ran),2/2 TB (2 Lajur/2 Arah Tanpa Batas Median),Lurus,Redup / Samar (Tidak jelas terlihat),Cerah
99,KOTA BALIKPAPAN,2022-05-13,21:15:00,0,2,0,6," Rp2,000,000 ",Sedang,Tabrakan saat menyalip,Manusia,"Jl Panorama dekat Masjid Al Munawwar, Mekar Sari, Kec. Balikpapan Tengah, Kota Balikpapan, Kalimantan Timur 76122",-1.244676359,116.8340307,Jalan Kota / Kabupaten,Kolektor,III (Jalan Kecil utk max beban 8 ton & 9 m Panjang Ran),2/2 TB (2 Lajur/2 Arah Tanpa Batas Median),Lurus,Terang / Jelas,Cerah
100,KOTA BALIKPAPAN,2022-05-22,11:30:00,0,1,0,3," Rp1,000,000 ",Sedang,Tabrakan depan - depan,Manusia,"Jl. Proklamasi No.RT 35, Manggar, Kec. Balikpapan Tim., Kota Balikpapan, Kalimantan Timur 76116, Indonesia",-1.215229928,116.9522541,Jalan Desa,Lokal / Lingkungan,III (Jalan Kecil utk max beban 8 ton & 9 m Panjang Ran),2/2 TB (2 Lajur/2 Arah Tanpa Batas Median),Lurus,Terang / Jelas,Cerah
101,KOTA BALIKPAPAN,2022-05-23,11:00:00,1,0,0,12," Rp1,000,000 ",Berat,Tabrakan saat menyalip dari kiri,Manusia,"Jl Yos Sudarso simpang Polker, Prapatan, Balikpapan Kota",-1.263597521,116.8171522,Jalan Kota / Kabupaten,Kolektor,III (Jalan Kecil utk max beban 8 ton & 9 m Panjang Ran),2/2 TB (2 Lajur/2 Arah Tanpa Batas Median),T (Simpang Tiga),Terang / Jelas,Cerah
102,KOTA BALIKPAPAN,2022-05-25,14:00:00,1,0,1,15," Rp10,000,000 ",Berat,Tabrakan depan - depan,Manusia,"Jl MT Haryono depan Telkom, Damai, Kecamatan Balikpapan Kota, Kota Balikpapan",-1.257040208,116.868123,Jalan Kota / Kabupaten,Arteri,II (Jalan Sedang utk beban s/d 10 ton & 12m  Panjang Ran),4/2 TB (4 Lajur/2 Arah Tanpa Batas Median),Lurus,Terang / Jelas,Cerah
103,KOTA BALIKPAPAN,2022-05-25,22:00:00,1,0,2,18," Rp1,000,000 ",Berat,Tabrakan saat menyalip,Manusia,JL MULAWARMAN DEKAT PT.MULTINDO KEC.BALIKPAPAN TIMUR,-1.176101362,117.0008522,Jalan Propinsi,Arteri,II (Jalan Sedang utk beban s/d 10 ton & 12m  Panjang Ran),2/2 TB (2 Lajur/2 Arah Tanpa Batas Median),Lurus,Redup / Samar (Tidak jelas terlihat),Cerah
104,KOTA BALIKPAPAN,2022-05-28,23:30:00,0,0,1,3," Rp2,000,000 ",Ringan,Tabrakan kendaraan belok kiri dengan kendaraan dari arah kanan,Manusia,"Jl Syarifuddin Yoes simpang Perum Sepinggan Pratama, Kecamatan Balikpapan Selatan, Kota Balikpapan, Kalimantan Timur",-1.228549798,116.8838781,Jalan Nasional,Arteri,II (Jalan Sedang utk beban s/d 10 ton & 12m  Panjang Ran),4/2 TB (4 Lajur/2 Arah Tanpa Batas Median),T (Simpang Tiga),Redup / Samar (Tidak jelas terlihat),Cerah
105,KOTA BALIKPAPAN,2022-06-16,08:10:00,1,0,0,12," Rp1,000,000 ",Berat,Tabrakan saat menyalip,Manusia,"Jl S.Hatta KM.6 depan variasi benk benk Kel.Batu Ampar, Balikpapan City, East Kalimantan, Indonesia",-1.209322669,116.8962453,Jalan Nasional,Arteri,II (Jalan Sedang utk beban s/d 10 ton & 12m  Panjang Ran),2/2 TB (2 Lajur/2 Arah Tanpa Batas Median),Tikungan,Redup / Samar (Tidak jelas terlihat),Cerah
106,KOTA BALIKPAPAN,2022-06-19,00:30:00,2,0,0,24," Rp5,000,000 ",Berat,Tabrakan saat menyalip,Manusia,"JL S.HATTA KM.24 TIKUNGAN DEKAT MASJID AL AMAN, KARANG JOANG, BALIKPAPAN",-1.094194808,116.9038689,Jalan Nasional,Arteri,III (Jalan Kecil utk max beban 8 ton & 9 m Panjang Ran),2/2 TB (2 Lajur/2 Arah Tanpa Batas Median),Tikungan,Redup / Samar (Tidak jelas terlihat),Cerah
107,KOTA BALIKPAPAN,2022-07-06,03:00:00,1,0,1,15," Rp10,000,000 ",Berat,Tabrakan depan - depan,Manusia,"Jl Marsma R.Iswahyudi depan Kantor otoritas bandara, Kota Balikpapan, Kalimantan Timur 76115, Indonesia",-1.258674998,116.9023335,Jalan Propinsi,Arteri,II (Jalan Sedang utk beban s/d 10 ton & 12m  Panjang Ran),2/2 TB (2 Lajur/2 Arah Tanpa Batas Median),Lurus,Terang / Jelas,Cerah
108,KOTA BALIKPAPAN,2022-07-09,14:55:00,1,0,0,12," Rp1,000,000 ",Berat,Tabrakan depan - depan,Manusia,"Jl Mulawarman dekat pemancar DVOR,, Manggar, Balikpapan Timur, Balikpapan City, East Kalimantan, Indonesia",-1.245154538,116.9400436,Jalan Propinsi,Arteri,II (Jalan Sedang utk beban s/d 10 ton & 12m  Panjang Ran),4/2 TB (4 Lajur/2 Arah Tanpa Batas Median),Lurus,Terang / Jelas,Berawan/ Mendung
109,KOTA BALIKPAPAN,2022-07-11,11:45:00,2,1,0,27," Rp5,000,000 ",Berat,Tabrakan dengan kendaraan menyebrang dari sisi kanan jalan,Manusia,"Jl Pulau Balang simpang Jalan Solok Baru, Kel.Kariangau, Balikpapan Barat, Balikpapan City, East Kalimantan 76127, Indonesia",-1.157883247,116.8397123,Jalan Kota / Kabupaten,Kolektor,II (Jalan Sedang utk beban s/d 10 ton & 12m  Panjang Ran),4/2 B (4 Lajur/2 Arah dengan Batas Median),Lurus,Terang / Jelas,Cerah
110,KOTA BALIKPAPAN,2022-07-16,23:00:00,1,0,0,12," Rp2,000,000 ",Berat,Tabrakan kendaraan belok kanan dengan kendaraan dari arah kanan,Manusia,"jalan soekarno hatta Km.8 rt37, Batu Ampar, Kec. Balikpapan Utara, Kota Balikpapan, Kalimantan Timur 76127, Indonesia",-1.202432164,116.8842374,Jalan Nasional,Arteri,II (Jalan Sedang utk beban s/d 10 ton & 12m  Panjang Ran),2/2 TB (2 Lajur/2 Arah Tanpa Batas Median),Lurus,Redup / Samar (Tidak jelas terlihat),Cerah
111,KOTA BALIKPAPAN,2022-07-06,12:00:00,1,1,1,18," Rp10,000,000 ",Berat,Tabrakan depan - depan,Manusia,"Jl Yos Sudarso simpang Volker, Prapatan, Balikpapan Kota",-1.263639088,116.8171451,Jalan Kota / Kabupaten,Arteri,II (Jalan Sedang utk beban s/d 10 ton & 12m  Panjang Ran),2/2 TB (2 Lajur/2 Arah Tanpa Batas Median),Lurus,Terang / Jelas,Cerah
112,KOTA BALIKPAPAN,2022-07-20,12:30:00,1,0,0,12," Rp2,000,000 ",Berat,Tabrakan depan - belakang,Manusia,"Jl Wolter monginsidi dekat SMA 3, Baru Ulu, Balikpapan Barat, Balikpapan City, East Kalimantan 76131, Indonesia",-1.22450369,116.8167266,Jalan Kota / Kabupaten,Kolektor,III (Jalan Kecil utk max beban 8 ton & 9 m Panjang Ran),2/2 TB (2 Lajur/2 Arah Tanpa Batas Median),Lurus,Terang / Jelas,Cerah
113,KOTA BALIKPAPAN,2022-07-26,22:15:00,1,0,0,12," Rp1,000,000 ",Berat,Kendaraan Out of Control keluar ke kiri jalan,Manusia,"Jl Marsma R. Iswahyudi, Gn. Bahagia, Kecamatan Balikpapan Selatan, Kota Balikpapan, Kalimantan Timur 76114, Indonesia",-1.26795486,116.8780583,Jalan Propinsi,Arteri,II (Jalan Sedang utk beban s/d 10 ton & 12m  Panjang Ran),4/2 B (4 Lajur/2 Arah dengan Batas Median),Tikungan,Redup / Samar (Tidak jelas terlihat),Cerah
114,KOTA BALIKPAPAN,2022-06-28,18:30:00,1,0,2,18," Rp1,000,000 ",Berat,Tabrakan saat belok ke sisi kanan jalan,Manusia,"Jl Projakal dekat ponpes Ibnul Qoyyim, Graha Indah, Balikpapan Utara, Balikpapan City, East Kalimantan 76136, Indonesia",-1.205269944,116.8603397,Jalan Propinsi,Arteri,II (Jalan Sedang utk beban s/d 10 ton & 12m  Panjang Ran),2/2 TB (2 Lajur/2 Arah Tanpa Batas Median),Lurus,Redup / Samar (Tidak jelas terlihat),Cerah
115,KOTA BALIKPAPAN,2022-07-28,01:30:00,1,0,0,12," Rp1,000,000 ",Berat,Tabrakan depan - depan,Manusia,"Jl Mayjend Sutoyo dekat Radar Gunungsari Ulu, Kec. Balikpapan Tengah, Kota Balikpapan, Kalimantan Timur 76122, Indonesia",-1.262660368,116.8464446,Jalan Kota / Kabupaten,Arteri,II (Jalan Sedang utk beban s/d 10 ton & 12m  Panjang Ran),2/2 TB (2 Lajur/2 Arah Tanpa Batas Median),Tikungan,Redup / Samar (Tidak jelas terlihat),Cerah
116,KOTA BALIKPAPAN,2022-08-02,20:15:00,0,0,1,3," Rp3,000,000 ",Ringan,Tabrakan kendaraan belok kanan dengan kendaraan yang datang dari arah berlawanan,Manusia,"Jl MT Haryono TL BDS, Damai, Balikpapan Kota, Balikpapan City, East Kalimantan 76114, Indonesia",-1.259339587,116.866833,Jalan Propinsi,Arteri,II (Jalan Sedang utk beban s/d 10 ton & 12m  Panjang Ran),4/2 B (4 Lajur/2 Arah dengan Batas Median),T (Simpang Tiga),Terang / Jelas,Cerah
117,KOTA BALIKPAPAN,2022-08-13,19:45:00,1,0,1,15," Rp2,000,000 ",Berat,Tabrakan dengan Kendaraan menyebrang dari sisi kiri jalan,Manusia,JL S.HATTA KM 2.5 DEPAN TOKO SEPEDA SINAR JAYA,-1.227408285,116.8432861,Jalan Nasional,Arteri,II (Jalan Sedang utk beban s/d 10 ton & 12m  Panjang Ran),2/2 TB (2 Lajur/2 Arah Tanpa Batas Median),Tikungan,Redup / Samar (Tidak jelas terlihat),Cerah
118,KOTA BALIKPAPAN,2022-08-12,20:00:00,1,0,0,12," Rp1,000,000 ",Berat,Tabrakan saat menyalip dari kanan,Manusia,"Jl. Soekarno Hatta KM.17 depan toko Hartawan No.21, Karang Joang, Kec. Balikpapan Utara, Kota Balikpapan, Kalimantan Timur 76127",-1.136759214,116.8814727,Jalan Nasional,Arteri,II (Jalan Sedang utk beban s/d 10 ton & 12m  Panjang Ran),2/2 TB (2 Lajur/2 Arah Tanpa Batas Median),Lurus,Redup / Samar (Tidak jelas terlihat),Cerah
119,KOTA BALIKPAPAN,2022-08-14,20:10:00,0,0,1,3, Rp- ,Ringan,Tabrak kendaraan belok kanan dengan kendaraan yang jalan lurus,Manusia,Jl Mulawarman dekat kantor perikanan Gn Tembak Kel.Teritip Kec.Balikpapan Timur,-1.146316023,116.9986138,Jalan Propinsi,Arteri,II (Jalan Sedang utk beban s/d 10 ton & 12m  Panjang Ran),2/2 TB (2 Lajur/2 Arah Tanpa Batas Median),Tikungan,Gelap / Sulit Terlihat,Cerah
120,KOTA BALIKPAPAN,2022-08-21,05:35:00,1,0,0,12," Rp500,000 ",Berat,Kendaraan Out of Control keluar ke kanan jalan,Manusia,"Jl Marsma R.Iswahyudi Sepinggan, Balikpapan Selatan, Balikpapan City, East Kalimantan, Indonesia",-1.259765322,116.9155994,Jalan Propinsi,Arteri,II (Jalan Sedang utk beban s/d 10 ton & 12m  Panjang Ran),4/2 B (4 Lajur/2 Arah dengan Batas Median),Tikungan,Redup / Samar (Tidak jelas terlihat),Cerah
121,KOTA BALIKPAPAN,2022-08-23,01:20:00,1,0,0,12," Rp1,000,000 ",Berat,Kendaraan Out of Control keluar ke kiri jalan,Manusia,"Jl. Jenderal Sudirman No.25, RT.2, Klandasan Ilir, Kecamatan Balikpapan Selatan, Kota Balikpapan, Kalimantan Timur, Indonesia",-1.275885402,116.8440977,Jalan Nasional,Arteri,II (Jalan Sedang utk beban s/d 10 ton & 12m  Panjang Ran),6/2 B (6 Lajur/2 Arah dengan Batas Median),Lurus,Terang / Jelas,Berawan/ Mendung
122,KOTA BALIKPAPAN,2022-08-26,12:30:00,0,1,0,3, Rp- ,Sedang,Tabrakan dengan kendaraan parkir di kiri,Manusia,"Jl Pulau Balang dekat Trakindo Balikpapan Utara, Karang Joang, Kec. Balikpapan Utara, Kota Balikpapan, Kalimantan Timur 76127, Indonesia",-1.154901969,116.86301,Jalan Propinsi,Arteri,I (Jalan Besar utk beban 10 ton & max 18 m Panjang Ran),4/2 B (4 Lajur/2 Arah dengan Batas Median),Lurus,Terang / Jelas,Cerah
123,KOTA BALIKPAPAN,2022-08-29,23:00:00,1,0,1,15, Rp- ,Berat,"Di simpang, pejalan kaki menyeberang dari kiri ke kanan",Manusia,"Jl. Soekarno Hatta KM.05 dekat Indomaret, Batu Ampar, Kec. Balikpapan Utara, Kota Balikpapan, Kalimantan Timur 76136, Indonesia",-1.212604243,116.8608521,Jalan Nasional,Arteri,II (Jalan Sedang utk beban s/d 10 ton & 12m  Panjang Ran),4/2 TB (4 Lajur/2 Arah Tanpa Batas Median),Lurus,Redup / Samar (Tidak jelas terlihat),Cerah
124,KOTA BALIKPAPAN,2022-09-18,21:30:00,0,0,1,3," Rp500,000 ",Ringan,"Di ruas jalan, pejalan kaki menyeberang dari kiri ke kanan",Manusia,"Jl Indrakila RT 4 depan ekspedisi Sri Kuning Gn. Samarinda, Kec. Balikpapan Utara, Kota Balikpapan",-1.229396986,116.8631709,Jalan Kota / Kabupaten,Kolektor,III (Jalan Kecil utk max beban 8 ton & 9 m Panjang Ran),2/2 TB (2 Lajur/2 Arah Tanpa Batas Median),Lurus,Redup / Samar (Tidak jelas terlihat),Cerah
125,KOTA BALIKPAPAN,2022-09-18,00:30:00,1,0,1,15," Rp1,000,000 ",Berat,Tabrakan saat pindah lajur ke kiri,Manusia,"Jl. Jenderal Sudirman dekat Trakindo Stal kuda Gn. Bahagia, Kecamatan Balikpapan Selatan, Kota Balikpapan, Kalimantan Timur 76114, Indonesia",-1.274298927,116.8725582,Jalan Nasional,Arteri,II (Jalan Sedang utk beban s/d 10 ton & 12m  Panjang Ran),4/2 B (4 Lajur/2 Arah dengan Batas Median),Lurus,Terang / Jelas,Cerah
126,KOTA BALIKPAPAN,2022-09-19,13:00:00,1,0,1,15," Rp1,000,000 ",Berat,Tabrakan depan - depan,Manusia,"Jl. Pattimura dekat bengkel las Mitra Karya, Batu Ampar, Kec. Balikpapan Utara, Kota Balikpapan, Kalimantan Timur 76126, Indonesia",-1.225131,116.864255,Jalan Kota / Kabupaten,Kolektor,III (Jalan Kecil utk max beban 8 ton & 9 m Panjang Ran),2/2 TB (2 Lajur/2 Arah Tanpa Batas Median),Lurus,Terang / Jelas,Cerah
127,KOTA BALIKPAPAN,2022-09-23,10:30:00,1,0,0,12," Rp1,000,000 ",Berat,Tabrakan depan - belakang,Manusia,"Jl. Sinar Mas Land Boulevard tikungan dekat sekolaah Ipeka, Kel Batu Ampar, Kec. Balikpapan Utara, Kota Balikpapan, Kalimantan Timur 76115, Indonesia",-1.216282234,116.8773963,Jalan Kota / Kabupaten,Kolektor,III (Jalan Kecil utk max beban 8 ton & 9 m Panjang Ran),4/2 B (4 Lajur/2 Arah dengan Batas Median),Tikungan,Terang / Jelas,Cerah
128,KOTA BALIKPAPAN,2022-09-29,20:30:00,1,0,1,15," Rp2,000,000 ",Berat,Tabrakan depan - belakang,Manusia,"Jl. Sinar Mas Land Boulevard dekat sekolah Ipeka, Batu Ampar, Kec. Balikpapan Utara, Kota Balikpapan, Kalimantan Timur 76115, Indonesia",-1.215508869,116.8768672,Jalan Kota / Kabupaten,Kolektor,II (Jalan Sedang utk beban s/d 10 ton & 12m  Panjang Ran),4/2 B (4 Lajur/2 Arah dengan Batas Median),Tikungan,Redup / Samar (Tidak jelas terlihat),Cerah
129,KOTA BALIKPAPAN,2022-09-20,23:00:00,5,1,3,72, Rp- ,Berat,Tabrakan depan - belakang,Manusia,"Jl S.Hatta KM.24 depan PT Supercrane Mitra Utama Kel.Karang Joang, Balikpapan Utara",-1.08847296,116.9105537,Jalan Nasional,Arteri,II (Jalan Sedang utk beban s/d 10 ton & 12m  Panjang Ran),2/2 TB (2 Lajur/2 Arah Tanpa Batas Median),Lurus,Gelap / Sulit Terlihat,Cerah
130,KOTA BALIKPAPAN,2022-10-02,21:30:00,0,0,3,9," Rp2,000,000 ",Ringan,Tabrakan kendaraan belok kanan dengan kendaraan yang datang dari arah berlawanan,Manusia,"Jl Mulawarman dekat Zhafira Cell Teritip, Kec. Balikpapan Timur, Kota Balikpapan, Kalimantan Timur 76118, Indonesia",-1.171454436,117.00201,Jalan Propinsi,Arteri,II (Jalan Sedang utk beban s/d 10 ton & 12m  Panjang Ran),2/2 TB (2 Lajur/2 Arah Tanpa Batas Median),Lurus,Redup / Samar (Tidak jelas terlihat),Cerah
131,KOTA BALIKPAPAN,2022-10-04,18:30:00,1,0,0,12," Rp1,000,000 ",Berat,Tabrakan depan - depan,Jalan,"Jl AMD Projakal dekat PT Pro Aneka Cipta Kel. Karang Joang, Kec. Balikpapan Utara, Kota Balikpapan",-1.182688273,116.8523658,Jalan Propinsi,Arteri,II (Jalan Sedang utk beban s/d 10 ton & 12m  Panjang Ran),2/2 TB (2 Lajur/2 Arah Tanpa Batas Median),Lurus,Redup / Samar (Tidak jelas terlihat),Cerah
132,KOTA BALIKPAPAN,2022-09-20,22:30:00,1,0,0,12, Rp- ,Berat,Tabrakan saat gerakan putar balik,Manusia,"Jl Pulau balang dekat PT Punninar Kel.Karang Joang, Balikpapan Utara, Balikpapan City, East Kalimantan 76127",-1.161941938,116.8720537,Jalan Propinsi,Arteri,II (Jalan Sedang utk beban s/d 10 ton & 12m  Panjang Ran),4/2 B (4 Lajur/2 Arah dengan Batas Median),Lurus,Gelap / Sulit Terlihat,Cerah
133,KOTA BALIKPAPAN,2022-10-17,14:40:00,2,0,0,24," Rp3,000,000 ",Berat,Tabrakan depan - belakang,Manusia,"Jl Mulawaman depan PT Schlumberger, Manggar, Balikpapan Timur, Balikpapan City, East Kalimantan, Indonesia",-1.23121352,116.9576337,Jalan Propinsi,Arteri,II (Jalan Sedang utk beban s/d 10 ton & 12m  Panjang Ran),2/2 TB (2 Lajur/2 Arah Tanpa Batas Median),Lurus,Terang / Jelas,Cerah
134,KOTA BALIKPAPAN,2022-10-08,03:00:00,1,0,0,12," Rp3,000,000 ",Berat,Tabrakan dengan kendaraan parkir di kiri,Manusia,"Jl Mulawarman dekat PLTD Batakan Kel.Manggar Kec.Balikpapan Timur, Kota Balikpapan",-1.237742933,116.9502288,Jalan Propinsi,Arteri,II (Jalan Sedang utk beban s/d 10 ton & 12m  Panjang Ran),2/2 TB (2 Lajur/2 Arah Tanpa Batas Median),Lurus,Redup / Samar (Tidak jelas terlihat),Hujan/ Grimis
135,KOTA BALIKPAPAN,2022-10-12,00:45:00,0,0,1,3," Rp3,000,000 ",Ringan,Tabrakan dengan kendaraan parkir di kiri,Manusia,"Jl Soekarno Hatta dekat bengkel Hino, Karang Joang, Kec. Balikpapan Utara, Kota Balikpapan, Kalimantan Timur 76127, Indonesia",-1.183942054,116.8853439,Jalan Nasional,Arteri,II (Jalan Sedang utk beban s/d 10 ton & 12m  Panjang Ran),2/2 TB (2 Lajur/2 Arah Tanpa Batas Median),Lurus,Gelap / Sulit Terlihat,Hujan/ Grimis
136,KOTA BALIKPAPAN,2022-10-22,09:30:00,0,1,0,3," Rp2,000,000 ",Sedang,Tabrakan depan - depan,Manusia,"Jl Klamono dekat musholla al firdaus, Margo Mulyo, Balikpapan Barat, Balikpapan City, East Kalimantan 76125, Indonesia",-1.230410918,116.8329463,Jalan Kota / Kabupaten,Kolektor,III (Jalan Kecil utk max beban 8 ton & 9 m Panjang Ran),2/2 TB (2 Lajur/2 Arah Tanpa Batas Median),Tikungan,Terang / Jelas,Hujan/ Grimis
137,KOTA BALIKPAPAN,2022-10-16,15:50:00,1,0,0,12," Rp500,000 ",Berat,Kendaraan Out of Control keluar ke kanan jalan,Manusia,"Jl. Syarifuddin Yoes dekat Rumah dinas walikota, Kel.Sepinggan, Kecamatan Balikpapan Selatan, Kota Balikpapan, Kalimantan Timur 76115, Indonesia",-1.253569708,116.8997138,Jalan Nasional,Arteri,II (Jalan Sedang utk beban s/d 10 ton & 12m  Panjang Ran),4/2 TB (4 Lajur/2 Arah Tanpa Batas Median),Lurus,Terang / Jelas,Cerah
138,KOTA BALIKPAPAN,2022-11-02,05:45:00,1,0,0,12," Rp500,000 ",Berat,"Di ruas jalan, pejalan kaki menyeberang dari kanan ke kiri",Manusia,"Jl Mulawarman dekat RM Bubur Ayyam Swargi Kel.Manggar Baru, Kec. Balikpapan Timur, Kota Balikpapan, Kalimantan Timur 76116, Indonesia",-1.220987095,116.9669488,Jalan Nasional,Arteri,II (Jalan Sedang utk beban s/d 10 ton & 12m  Panjang Ran),2/2 TB (2 Lajur/2 Arah Tanpa Batas Median),Lurus,Redup / Samar (Tidak jelas terlihat),Cerah
139,KOTA BALIKPAPAN,2022-11-06,04:30:00,1,0,0,12," Rp1,000,000 ",Berat,Tabrakan depan - depan,Manusia,"Jl. Soekarno Hatta Km.10 depan Paldam Kel.Karang Joang, Kec. Balikpapan Utara, Kota Balikpapan, Kalimantan Timur, Indonesia",-1.185196067,116.886142,Jalan Nasional,Arteri,II (Jalan Sedang utk beban s/d 10 ton & 12m  Panjang Ran),2/2 TB (2 Lajur/2 Arah Tanpa Batas Median),Tikungan,Redup / Samar (Tidak jelas terlihat),Cerah
140,KOTA BALIKPAPAN,2022-10-30,15:00:00,0,1,1,6," Rp5,000,000 ",Sedang,Tabrakan saat gerakan putar balik,Manusia,"Jl Soekarno Hatta, Karang Joang, Kec. Balikpapan Utara, Kota Balikpapan, Kalimantan Timur 76127, Indonesia",-1.13359367,116.8817321,Jalan Nasional,Arteri,II (Jalan Sedang utk beban s/d 10 ton & 12m  Panjang Ran),2/2 TB (2 Lajur/2 Arah Tanpa Batas Median),Lurus,Terang / Jelas,Cerah
141,KOTA BALIKPAPAN,2022-10-26,14:15:00,0,1,1,6," Rp500,000 ",Sedang,Tabrakan saat menyalip dari kanan,Manusia,"Jl Mulawarman dekat bengkel motor Ardi Jaya Kel.Teritip, Kec. Balikpapan Timur, Kota Balikpapan, Kalimantan Timur 76118, Indonesia",-1.184766989,116.9983863,Jalan Propinsi,Arteri,II (Jalan Sedang utk beban s/d 10 ton & 12m  Panjang Ran),2/2 TB (2 Lajur/2 Arah Tanpa Batas Median),Lurus,Terang / Jelas,Cerah
142,KOTA BALIKPAPAN,2022-11-15,16:30:00,0,0,1,3," Rp1,000,000 ",Ringan,Tabrakan kendaraan belok kanan dengan kendaraan dari arah kiri,Manusia,"JL Belakang Mall BB Blok FJ 2 No 6, Damai, Kec. Balikpapan Kota, Kota Balikpapan, Kalimantan Timur 76114, Indonesia",-1.244621732,116.8616171,Jalan Kota / Kabupaten,Kolektor,II (Jalan Sedang utk beban s/d 10 ton & 12m  Panjang Ran),2/1 (2 Lajur/1 Arah),Lurus,Terang / Jelas,Cerah
143,KOTA BALIKPAPAN,2022-11-27,01:30:00,1,0,0,12," Rp1,500,000 ",Berat,Tabrakan depan - belakang,Manusia,"Jl Jenderal Sudirman dekat RM Kedai laut Stalkuda, Damai Bahagia, Kecamatan Balikpapan Selatan, Kota Balikpapan, Kalimantan Timur 76114, Indonesia",-1.275433117,116.8631941,Jalan Nasional,Arteri,II (Jalan Sedang utk beban s/d 10 ton & 12m  Panjang Ran),4/2 B (4 Lajur/2 Arah dengan Batas Median),Tikungan,Terang / Jelas,Cerah
144,KOTA BALIKPAPAN,2022-11-24,02:40:00,1,0,0,12," Rp3,000,000 ",Berat,Tabrakan depan - depan,Jalan,"Jl S.hatta KM.22 dekat penjual salak Kel.Karang Joang, Balikpapan City, East Kalimantan, Indonesia",-1.098879845,116.8945418,Jalan Nasional,Arteri,II (Jalan Sedang utk beban s/d 10 ton & 12m  Panjang Ran),2/2 TB (2 Lajur/2 Arah Tanpa Batas Median),Lurus,Redup / Samar (Tidak jelas terlihat),Cerah
145,KOTA BALIKPAPAN,2022-11-16,17:30:00,0,0,1,3," Rp1,000,000 ",Ringan,Tabrakan saat menyalip dari kanan,Kendaraan,"Jl Marsma R.Iswahyudi depan RM Kenari Kel.Gn Bahagia, Kecamatan Balikpapan Selatan, Kota Balikpapan, Kalimantan Timur",-1.26786523,116.8780357,Jalan Nasional,Arteri,II (Jalan Sedang utk beban s/d 10 ton & 12m  Panjang Ran),4/2 B (4 Lajur/2 Arah dengan Batas Median),Lurus,Terang / Jelas,Cerah
146,KOTA BALIKPAPAN,2022-12-02,05:00:00,0,0,2,6," Rp500,000 ",Ringan,"Di ruas jalan, pejalan kaki menyeberang dari kiri ke kanan",Manusia,"Jl Mulawarman dekat simpang PJHI Batakan Manggar, Kec. Balikpapan Timur, Kota Balikpapan, Kalimantan Timur, Indonesia",-1.243531939,116.9422346,Jalan Nasional,Arteri,II (Jalan Sedang utk beban s/d 10 ton & 12m  Panjang Ran),2/2 TB (2 Lajur/2 Arah Tanpa Batas Median),Lurus,Redup / Samar (Tidak jelas terlihat),Cerah
147,KOTA BALIKPAPAN,2022-12-11,16:00:00,0,0,1,3," Rp1,000,000 ",Ringan,"Di ruas jalan, pejalan kaki menyeberang dari kiri ke kanan",Manusia,Jl Mulawarman dekat PT Laut Jaya Mandiri Kel.Teritip Kec.Balikpapan Timur,-1.164261363,117.0038785,Jalan Propinsi,Arteri,II (Jalan Sedang utk beban s/d 10 ton & 12m  Panjang Ran),2/2 TB (2 Lajur/2 Arah Tanpa Batas Median),Lurus,Terang / Jelas,Cerah
148,KOTA BALIKPAPAN,2022-12-01,22:00:00,1,0,0,12," Rp3,000,000 ",Berat,Tabrakan depan - depan,Manusia,"Jl Yos Sudarso dekat SMA Patra Kel.Mekar Sari, Kec. Balikpapan Tengah, Kota Balikpapan, Kalimantan Timur 76122, Indonesia",-1.246493859,116.831306,Jalan Kota / Kabupaten,Kolektor,III (Jalan Kecil utk max beban 8 ton & 9 m Panjang Ran),2/2 TB (2 Lajur/2 Arah Tanpa Batas Median),Tikungan,Terang / Jelas,Cerah
149,KOTA BALIKPAPAN,2022-12-27,15:40:00,1,0,0,12," Rp50,000,000 ",Berat,Tabrakan depan - belakang,Manusia,JL S.HATTA TURUNAN RAMAYANA RAPAK,-1.241911014,116.8358841,Jalan Nasional,Arteri,II (Jalan Sedang utk beban s/d 10 ton & 12m  Panjang Ran),4/2 B (4 Lajur/2 Arah dengan Batas Median),Lurus,Terang / Jelas,Cerah
150,KOTA BALIKPAPAN,2022-12-28,11:30:00,1,0,0,12," Rp500,000 ",Berat,"Di ruas jalan, pejalan kaki menyeberang dari kiri ke kanan",Manusia,Jl Jend A.Yani depan Kantor Kelurahan Karang Jati Balikpapan Tengah,-1.246989621,116.8347429,Jalan Propinsi,Arteri,II (Jalan Sedang utk beban s/d 10 ton & 12m  Panjang Ran),4/2 B (4 Lajur/2 Arah dengan Batas Median),Lurus,Terang / Jelas,Cerah
151,KOTA BALIKPAPAN,2022-12-29,21:00:00,1,0,0,12," Rp3,500,000 ",Berat,Tabrakan depan - belakang,Manusia,"Jl Pulau Balang dekat Mako Brimob, Karang Joang, Balikpapan Utara, Balikpapan City, East Kalimantan 76127, Indonesia",-1.156401614,116.8592121,Jalan Kota / Kabupaten,Kolektor,II (Jalan Sedang utk beban s/d 10 ton & 12m  Panjang Ran),4/2 B (4 Lajur/2 Arah dengan Batas Median),Lurus,Gelap / Sulit Terlihat,Cerah
152,KOTA BALIKPAPAN,2022-11-17,11:20:00,0,0,1,3," Rp1,500,000 ",Ringan,Tabrakan kendaraan belok kiri dengan kendaraan yang jalan lurus,Manusia,"Jl Jenderal Sudirman dekat Dealer Hytundai Kel.Damai Kec. Balikpapan Kota, Kota Balikpapan, Kalimantan Timur 76114, Indonesia",-1.272284891,116.8523664,Jalan Nasional,Arteri,II (Jalan Sedang utk beban s/d 10 ton & 12m  Panjang Ran),4/2 B (4 Lajur/2 Arah dengan Batas Median),Lurus,Terang / Jelas,Cerah
153,KOTA BALIKPAPAN,2022-12-28,22:00:00,0,0,1,3," Rp200,000 ",Ringan,"Di ruas jalan, pejalan kaki menyeberang dari kiri ke kanan",Manusia,"Jl Mulawarman depan toko sembako Sinar, Lamaru, Balikpapan Timur, Balikpapan City, East Kalimantan 76117, Indonesia",-1.20413931,116.9793766,Jalan Propinsi,Arteri,II (Jalan Sedang utk beban s/d 10 ton & 12m  Panjang Ran),2/2 TB (2 Lajur/2 Arah Tanpa Batas Median),Lurus,Redup / Samar (Tidak jelas terlihat),Cerah
154,KOTA BALIKPAPAN,2022-12-31,07:00:00,0,0,1,3," Rp500,000 ",Ringan,"Di ruas jalan, pejalan kaki menyeberang dari kiri ke kanan",Manusia,"Jl Projakal RT.29 Dekat Toko Almahyra, Batu Ampar, Kec. Balikpapan Utara, Kota Balikpapan, Kalimantan Timur 76136, Indonesia",-1.208172,116.862409,Jalan Propinsi,Arteri,II (Jalan Sedang utk beban s/d 10 ton & 12m  Panjang Ran),2/2 TB (2 Lajur/2 Arah Tanpa Batas Median),Lurus,Terang / Jelas,Cerah
155,KOTA BALIKPAPAN,2023-01-25,17:30:00,0,1,0,3," Rp5,000,000 ",Sedang,Tabrakan kendaraan belok kanan dengan kendaraan yang datang dari arah berlawanan,Manusia,JL S.YOES DEPAN KANTOR PUPR BBPJN KALIMANTAN TIMUR,-1.244544391,116.8901449,Jalan Nasional,Arteri,II (Jalan Sedang utk beban s/d 10 ton & 12m  Panjang Ran),2/2 TB (2 Lajur/2 Arah Tanpa Batas Median),Lurus,Cerah,Terang / Jelas
156,KOTA BALIKPAPAN,2023-01-27,23:55:00,1,0,0,12," Rp15,000,000 ",Berat,Tabrakan saat menyalip dari kanan,Manusia,JL JENDERAL SUDIRMAN DEKAT KEDAI LAUT KEL.DAMAI KEC.BALIKPAPAN SELATAN,-1.275426901,116.8633586,Jalan Nasional,Arteri,II (Jalan Sedang utk beban s/d 10 ton & 12m  Panjang Ran),4/2 B (4 Lajur/2 Arah dengan Batas Median),Tikungan,Cerah,Redup / Samar (Tidak jelas terlihat)
157,KOTA BALIKPAPAN,2023-02-09,05:30:00,1,1,0,15," Rp15,000,000 ",Berat,Tabrakan depan - belakang,Manusia,Jalan Sultan Hasanudin (Kariangau) dekat PT. Sinar Bintang Albar Kel.Kariangau kec.Balikpapan Utara.,-1.184384071,116.8367818,Jalan Propinsi,Arteri,II (Jalan Sedang utk beban s/d 10 ton & 12m  Panjang Ran),2/2 TB (2 Lajur/2 Arah Tanpa Batas Median),Lurus,Hujan/ Grimis,Gelap / Sulit Terlihat
158,KOTA BALIKPAPAN,2023-02-10,23:00:00,1,0,0,12," Rp4,000,000 ",Berat,Tabrakan depan - belakang,Manusia,Jl Sultan Hasanuddin dekat toko dinda RT.16 Kel.Kariangau Kec.Balikpapan Barat,-1.194847978,116.831564,Jalan Propinsi,Arteri,II (Jalan Sedang utk beban s/d 10 ton & 12m  Panjang Ran),2/2 TB (2 Lajur/2 Arah Tanpa Batas Median),Lurus,Cerah,Gelap / Sulit Terlihat
159,KOTA BALIKPAPAN,2023-02-12,05:30:00,1,0,0,12, Rp- ,Berat,"Di ruas, kendaraan lurus dengan pejalan kaki dari kiri di Zebra Cross",Manusia,"Jalan Mulawarman dekat Warung Obama Kel.Manggar Kec.Balikpapan Timur, Kota Balikpapan",-1.247116564,116.9373549,Jalan Propinsi,Arteri,II (Jalan Sedang utk beban s/d 10 ton & 12m  Panjang Ran),2/2 TB (2 Lajur/2 Arah Tanpa Batas Median),Lurus,Hujan/ Grimis,Terang / Jelas
160,KOTA BALIKPAPAN,2023-02-11,02:00:00,1,0,0,12," Rp3,000,000 ",Berat,Tabrakan dengan kendaraan parkir di kiri,Manusia,JL LETJEND SUPRAPTO DEPAN KANTOR BANK MANDIRI MARGASARI,-1.234637,116.822952,Jalan Propinsi,Arteri,II (Jalan Sedang utk beban s/d 10 ton & 12m  Panjang Ran),4/2 B (4 Lajur/2 Arah dengan Batas Median),X atau + (Simpang Empat),Cerah,Redup / Samar (Tidak jelas terlihat)
161,KOTA BALIKPAPAN,2023-02-11,01:00:00,1,0,0,12," Rp3,000,000 ",Berat,Tabrakan depan - belakang,Manusia,JL MULAWARMAN DEKAT KANTOR POS MANGGAR,-1.234050704,116.9550714,Jalan Propinsi,Arteri,II (Jalan Sedang utk beban s/d 10 ton & 12m  Panjang Ran),2/2 TB (2 Lajur/2 Arah Tanpa Batas Median),Lurus,Cerah,Redup / Samar (Tidak jelas terlihat)
162,KOTA BALIKPAPAN,2023-03-01,19:00:00,1,0,0,12," Rp1,000,000 ",Berat,"Di ruas, kendaraan lurus dengan pejalan kaki dari kanan di Zebra Cross",Manusia,"Jl Letjend Suprapto (dekat Kantor BNI) Kel.Marga Sari, Kec. Balikpapan Barat, Kota Balikpapan.",-1.236907331,116.826818,Jalan Kota / Kabupaten,Arteri,II (Jalan Sedang utk beban s/d 10 ton & 12m  Panjang Ran),4/2 B (4 Lajur/2 Arah dengan Batas Median),Lurus,Cerah,Terang / Jelas
163,KOTA BALIKPAPAN,2023-02-28,17:30:00,1,0,0,12," Rp2,500,000 ",Berat,Tabrakan saat pindah lajur ke kanan,Manusia,"Jl Ruhui Rahayu 1 dekat Dinas Pendidikan dan Kebudayaan, Kel. Sepinggan Baru, Kec. Balikpapan Selatan, Kota Balikpapan.",-1.242822899,116.896305,Jalan Kota / Kabupaten,Arteri,III (Jalan Kecil utk max beban 8 ton & 9 m Panjang Ran),1/1 (1 Lajur/1 Arah),Tikungan,Cerah,Terang / Jelas
164,KOTA BALIKPAPAN,2023-03-13,23:00:00,1,0,1,15," Rp2,000,000 ",Berat,Tabrakan dengan Kendaraan menyebrang dari sisi kiri jalan,Manusia,Jalan Mulawarman depan Kantor BRI Unit Manggar Kel.Manggar Kec.Balikpapan Timur,-1.217718373,116.969961,Jalan Propinsi,Arteri,II (Jalan Sedang utk beban s/d 10 ton & 12m  Panjang Ran),2/2 TB (2 Lajur/2 Arah Tanpa Batas Median),Lurus,Cerah,Redup / Samar (Tidak jelas terlihat)
165,KOTA BALIKPAPAN,2023-02-02,04:30:00,1,0,0,12," Rp3,000,000 ",Berat,Tabrakan depan - depan,Manusia,Jl Batu Butok dekat Gg Kelapa RT.84 Kel.Muara Rapak Kec.Balikpapan Utara,-1.226892974,116.834932,Jalan Desa,Kolektor,III (Jalan Kecil utk max beban 8 ton & 9 m Panjang Ran),2/2 TB (2 Lajur/2 Arah Tanpa Batas Median),Lurus,Hujan/ Grimis,Redup / Samar (Tidak jelas terlihat)
166,KOTA BALIKPAPAN,2023-03-25,23:00:00,1,0,3,21," Rp2,000,000 ",Berat,Tabrakan depan - depan,Manusia,Jalan Mulawarman depan Kantor JNT Unit Manggar Kel.Manggar Kec.Balikpapan Timur.,-1.228652397,116.9599927,Jalan Nasional,Arteri,II (Jalan Sedang utk beban s/d 10 ton & 12m  Panjang Ran),2/2 TB (2 Lajur/2 Arah Tanpa Batas Median),Lurus,Cerah,Terang / Jelas
167,KOTA BALIKPAPAN,2023-03-27,21:00:00,1,0,1,15," Rp3,000,000 ",Berat,Tabrakan saat belok ke sisi kanan jalan,Manusia,"Jl Soekarno Hatta KM 5,5 dekat toko Zizah Kel.Batu Ampar Kec.Balikpapan Utara",-1.209806318,116.8650316,Jalan Nasional,Arteri,II (Jalan Sedang utk beban s/d 10 ton & 12m  Panjang Ran),4/2 TB (4 Lajur/2 Arah Tanpa Batas Median),Lurus,Cerah,Redup / Samar (Tidak jelas terlihat)
168,KOTA BALIKPAPAN,2023-03-05,03:30:00,0,0,1,3," Rp30,000,000 ",Ringan,Tabrakan kendaraan belok kanan dengan kendaraan yang datang dari arah berlawanan,Manusia,"JL JENDERAL SUDIRMAN DEKAT POS BALIKPAPAN PERMAI, RT -, RW -, TITIK KOORDINAT lintang 1.270862 bujur 116.854272",-1.270862,116.854272,Jalan Nasional,Arteri,II (Jalan Sedang utk beban s/d 10 ton & 12m  Panjang Ran),4/2 B (4 Lajur/2 Arah dengan Batas Median),T (Simpang Tiga),Cerah,Redup / Samar (Tidak jelas terlihat)
169,KOTA BALIKPAPAN,2023-04-16,21:30:00,0,0,2,6," Rp2,000,000 ",Ringan,Tabrakan saat menyalip,Manusia,JL S.HATTA KM.16 DEKAT TOKO SEMBAKO KEL.KARANG JOANG KEC.BALIKPAPAN UTARA,-1.142768615,116.8759266,Jalan Nasional,Arteri,II (Jalan Sedang utk beban s/d 10 ton & 12m  Panjang Ran),2/2 TB (2 Lajur/2 Arah Tanpa Batas Median),Lurus,Cerah,Terang / Jelas
170,KOTA BALIKPAPAN,2023-04-23,12:30:00,1,0,4,24," Rp2,000,000 ",Berat,Tabrakan saat menyalip dari kanan,Manusia,"JL S.YOES DEKAT RESTO WAKA WAKA, SEPINGGAN, BALIKPAPAN SELATAN",-1.252321702,116.8987274,Jalan Nasional,Arteri,II (Jalan Sedang utk beban s/d 10 ton & 12m  Panjang Ran),2/2 TB (2 Lajur/2 Arah Tanpa Batas Median),Lurus,Cerah,Terang / Jelas
171,KOTA BALIKPAPAN,2023-04-26,09:30:00,1,0,0,12," Rp5,000,000 ",Berat,Tabrakan depan - depan,Manusia,"JL JENDERAL SUDIRMAN DEKAT KANTOR PEGADAIAN KANWIL IV, RT -, RW -, TITIK KOORDINAT -",-1.270573733,116.8597214,Jalan Nasional,Arteri,II (Jalan Sedang utk beban s/d 10 ton & 12m  Panjang Ran),4/2 B (4 Lajur/2 Arah dengan Batas Median),Tikungan,Cerah,Terang / Jelas
172,KOTA BALIKPAPAN,2023-05-04,01:00:00,0,1,0,3," Rp3,000,000 ",Sedang,"Di ruas, kendaraan lurus dengan pejalan kaki dari kiri di Zebra Cross",Manusia,"JL JENDERAL SUDIRMAN DEKAT GEDUNG PARKIR GELORA, RT -, RW -, TITIK KOORDINAT -",-1.277097599,116.8328721,Jalan Nasional,Arteri,II (Jalan Sedang utk beban s/d 10 ton & 12m  Panjang Ran),4/2 B (4 Lajur/2 Arah dengan Batas Median),Lurus,Cerah,Terang / Jelas
173,KOTA BALIKPAPAN,2023-05-07,01:30:00,1,0,1,15," Rp15,000,000 ",Berat,Tabrakan saat pindah lajur ke kiri,Manusia,JL JENDERAL SUDIRMAN DEKAT RM KEDAI LAUT STAL KUDA,-1.275433366,116.8631693,Jalan Nasional,Arteri,II (Jalan Sedang utk beban s/d 10 ton & 12m  Panjang Ran),4/2 B (4 Lajur/2 Arah dengan Batas Median),Tikungan,Cerah,Redup / Samar (Tidak jelas terlihat)
174,KOTA BALIKPAPAN,2023-05-10,17:30:00,1,0,1,15," Rp15,000,000 ",Berat,Tabrakan depan - belakang,Kendaraan,JL  SYARIFUDDIN YOES DEPAN KANTOR PUPR BBPJN KALIMANTAN TIMUR,-1.244544807,116.8901426,Jalan Nasional,Arteri,II (Jalan Sedang utk beban s/d 10 ton & 12m  Panjang Ran),4/2 TB (4 Lajur/2 Arah Tanpa Batas Median),Lurus,Cerah,Terang / Jelas
175,KOTA BALIKPAPAN,2023-05-07,10:00:00,1,0,6,30," Rp10,000,000 ",Berat,Kendaraan Out of Control keluar ke kiri jalan,Manusia,JL PULAU BALANG DEKAT SIMPANG KM.13,-1.165350662,116.8792854,Jalan Nasional,Arteri,I (Jalan Besar utk beban 10 ton & max 18 m Panjang Ran),2/1 (2 Lajur/1 Arah),Tikungan,Hujan/ Grimis,Terang / Jelas
176,KOTA BALIKPAPAN,2023-05-12,11:30:00,0,1,0,3," Rp2,000,000 ",Sedang,Tabrakan depan - depan,Manusia,JL MULAWARMAN DEPAN KANTOR BNI MANGGAR,-1.218020555,116.9696816,Jalan Nasional,Arteri,II (Jalan Sedang utk beban s/d 10 ton & 12m  Panjang Ran),2/2 TB (2 Lajur/2 Arah Tanpa Batas Median),Lurus,Cerah,Terang / Jelas
177,KOTA BALIKPAPAN,2023-05-15,05:45:00,1,0,0,12," Rp500,000 ",Berat,"Di ruas jalan, pejalan kaki menyeberang dari kiri ke kanan",Manusia,"JL S.HATTA KM.01 DEPAN UD.MANDIRI ALUMINIUM GN SAMARINDA, BALIKPAPAN UTARA",-1.238162,116.840331,Jalan Nasional,Arteri,II (Jalan Sedang utk beban s/d 10 ton & 12m  Panjang Ran),4/2 B (4 Lajur/2 Arah dengan Batas Median),Lurus,Hujan/ Grimis,Redup / Samar (Tidak jelas terlihat)
178,KOTA BALIKPAPAN,2023-05-11,21:30:00,1,0,0,12," Rp2,500,000 ",Berat,"Di ruas jalan, pejalan kaki menyeberang dari kiri ke kanan",Manusia,JL LETJEND SUPRAPTO DEKAT INDOMARET KEL.BARU TENGAH,-1.233048194,116.814556,Jalan Propinsi,Arteri,II (Jalan Sedang utk beban s/d 10 ton & 12m  Panjang Ran),4/2 B (4 Lajur/2 Arah dengan Batas Median),Lurus,Cerah,Redup / Samar (Tidak jelas terlihat)
179,KOTA BALIKPAPAN,2023-05-21,04:00:00,1,0,0,12," Rp15,000,000 ",Berat,Tabrakan depan - belakang,Manusia,JL  JENDERAL SUDIRMAN DEPAN INDOMARET 346/BC KEL. KLANDASAN ILIR KEC.BALIKPAPAN KOTA KOTA BALIKPAPAN,-1.277108661,116.838946,Jalan Nasional,Arteri,II (Jalan Sedang utk beban s/d 10 ton & 12m  Panjang Ran),4/2 B (4 Lajur/2 Arah dengan Batas Median),Lurus,Cerah,Terang / Jelas
180,KOTA BALIKPAPAN,2023-05-19,22:00:00,1,0,0,12," Rp500,000 ",Berat,Tabrakan saat menyalip dari kiri,Manusia,JL SOEKARNO HATTA DEKAT KANTOR PEMADAM KM.11,-1.178129559,116.8802118,Jalan Nasional,Arteri,II (Jalan Sedang utk beban s/d 10 ton & 12m  Panjang Ran),2/2 TB (2 Lajur/2 Arah Tanpa Batas Median),Tikungan,Cerah,Terang / Jelas
181,KOTA BALIKPAPAN,2023-05-24,23:00:00,1,0,0,12," Rp25,000,000 ",Berat,Tabrakan depan - belakang,Kendaraan,JL SOEKARNO HATTA DEPAN HOTEL MAHAKAM TURUNAN MUARA RAPAK,-1.241691107,116.8364544,Jalan Nasional,Arteri,II (Jalan Sedang utk beban s/d 10 ton & 12m  Panjang Ran),4/2 B (4 Lajur/2 Arah dengan Batas Median),Y (Simpang Tiga),Cerah,Terang / Jelas
182,KOTA BALIKPAPAN,2023-05-11,10:40:00,1,0,0,12," Rp600,000 ",Berat,Tabrakan depan - belakang,Manusia,JL  MARSMA R ISWAHYUDI DEKAT PUSKESMAS SEPINGGAN,-1.258148134,116.9074947,Jalan Nasional,Arteri,II (Jalan Sedang utk beban s/d 10 ton & 12m  Panjang Ran),4/2 B (4 Lajur/2 Arah dengan Batas Median),Tikungan,Cerah,Terang / Jelas
183,KOTA BALIKPAPAN,2023-06-12,00:55:00,1,0,0,12," Rp1,500,001 ",Berat,Tabrak kendaraan belok kanan dengan kendaraan yang jalan lurus,Manusia,Jl  A.Yani TL Aspol Karang Anyar,-1.241953062,116.8317536,Jalan Kota / Kabupaten,Arteri,II (Jalan Sedang utk beban s/d 10 ton & 12m  Panjang Ran),4/2 B (4 Lajur/2 Arah dengan Batas Median),T (Simpang Tiga),Cerah,Terang / Jelas
184,KOTA BALIKPAPAN,2023-06-21,15:00:00,1,0,1,15," Rp5,000,000 ",Berat,Tabrak kendaraan belok kanan dengan kendaraan yang jalan lurus,Manusia,JL SOEKARNO HATTA KM.18 DEPAN PT MENARA MEGAH KEL.KARANG JOANG,-1.124369,116.884646,Jalan Nasional,Arteri,II (Jalan Sedang utk beban s/d 10 ton & 12m  Panjang Ran),2/2 TB (2 Lajur/2 Arah Tanpa Batas Median),Lurus,Cerah,Terang / Jelas
185,KOTA BALIKPAPAN,2023-06-23,20:30:00,1,0,1,15," Rp500,000 ",Berat,"Di ruas jalan, pejalan kaki menyeberang dari kiri ke kanan",Manusia,JL RE MARTADINATA DEKAT TOKO YANTO,-1.256953,116.837081,Jalan Kota / Kabupaten,Kolektor,III (Jalan Kecil utk max beban 8 ton & 9 m Panjang Ran),2/2 TB (2 Lajur/2 Arah Tanpa Batas Median),Lurus,Cerah,Redup / Samar (Tidak jelas terlihat)
186,KOTA BALIKPAPAN,2023-06-25,05:30:00,1,0,0,12," Rp3,000,000 ",Berat,Kendaraan Out of Control keluar ke kiri jalan,Manusia,JL SOEKARNO-HATTA KM.07 DEKAT PINTU MASUK GRAND CITY KEL.BATU AMPAR BALIKPAPAN UTARA. KOTA BALIKPAPAN.,-1.208043,116.873583,Jalan Nasional,Arteri,II (Jalan Sedang utk beban s/d 10 ton & 12m  Panjang Ran),2/2 TB (2 Lajur/2 Arah Tanpa Batas Median),Lurus,Cerah,Terang / Jelas
187,KOTA BALIKPAPAN,2023-06-30,18:30:00,2,0,1,27," Rp3,000,000 ",Berat,Tabrakan saat menyalip,Manusia,"JL S.HATTA KM.20 DEKAT RM PRING IJO. KARANG JOANG, BALIKPAPAN UTARA",-1.106515,116.880659,Jalan Nasional,Arteri,II (Jalan Sedang utk beban s/d 10 ton & 12m  Panjang Ran),2/2 TB (2 Lajur/2 Arah Tanpa Batas Median),Lurus,Cerah,Terang / Jelas
188,KOTA BALIKPAPAN,2023-07-01,10:00:00,1,0,0,12," Rp2,000,000 ",Berat,Tabrakan saat pindah lajur ke kanan,Manusia,JL S.HATTA KM.03 DEKAT YON ZIPUR KEL.BATU AMPAR KEC.BALIKPAPAN UTARA,-1.220318,116.848108,Jalan Nasional,Arteri,II (Jalan Sedang utk beban s/d 10 ton & 12m  Panjang Ran),4/2 TB (4 Lajur/2 Arah Tanpa Batas Median),Lurus,Cerah,Terang / Jelas
189,KOTA BALIKPAPAN,2023-07-01,19:30:00,0,0,2,6," Rp3,000,000 ",Ringan,Tabrakan depan - depan,Manusia,"JL  YOS SUDARSO BARU DEKAT KLINIK IBNUSINA KEL.MEKARSARI KEC.BALIKPAPAN TENGAH, KOTA BALIKPAPAN",-1.243094,116.834064,Jalan Kota / Kabupaten,Kolektor,II (Jalan Sedang utk beban s/d 10 ton & 12m  Panjang Ran),2/2 TB (2 Lajur/2 Arah Tanpa Batas Median),Tikungan,Cerah,Terang / Jelas
190,KOTA BALIKPAPAN,2023-07-04,16:00:00,0,0,1,3," Rp1,000,000 ",Ringan,Tabrakan saat belok ke sisi kanan jalan,Manusia,JL DI PANJAITAN DEKAT TOKO SANTI,-1.245038,116.844671,Jalan Kota / Kabupaten,Kolektor,III (Jalan Kecil utk max beban 8 ton & 9 m Panjang Ran),2/2 TB (2 Lajur/2 Arah Tanpa Batas Median),Lurus,Cerah,Terang / Jelas
191,KOTA BALIKPAPAN,2023-07-14,10:30:00,1,0,1,15," Rp2,000,000 ",Berat,Tabrak kendaraan belok kanan dengan kendaraan yang jalan lurus,Manusia,JL  MULAWARMAN DEKAT INDOMARET KEL.TRITIP KEC.BALIKPAPAN TIMUR KOTA BALIKPAPAN,-1.145549,116.998714,Jalan Propinsi,Arteri,II (Jalan Sedang utk beban s/d 10 ton & 12m  Panjang Ran),2/2 TB (2 Lajur/2 Arah Tanpa Batas Median),Lurus,Cerah,Terang / Jelas
192,KOTA BALIKPAPAN,2023-07-22,06:30:00,0,0,1,3," Rp2,000,001 ",Ringan,Tabrakan kendaraan belok kiri dengan kendaraan yang jalan lurus,Manusia,JL JEND A.YANI SIMPANG TL JL BONGAS KEL.MEKARSARI,-1.241788815,116.8321362,Jalan Propinsi,Arteri,II (Jalan Sedang utk beban s/d 10 ton & 12m  Panjang Ran),4/2 B (4 Lajur/2 Arah dengan Batas Median),Y (Simpang Tiga),Cerah,Terang / Jelas
193,KOTA BALIKPAPAN,2023-07-24,01:30:00,2,1,0,27," Rp10,000,000 ",Berat,Tabrakan depan - depan,Manusia,Jl. Mulawarman No.3 RT.05 dekat toko Mia Kel.Lamaru Kec.Balikpapan Timur,-1.191259344,116.9943193,Jalan Propinsi,Arteri,II (Jalan Sedang utk beban s/d 10 ton & 12m  Panjang Ran),2/2 TB (2 Lajur/2 Arah Tanpa Batas Median),Tikungan,Cerah,Gelap / Sulit Terlihat
194,KOTA BALIKPAPAN,2023-08-02,01:00:00,1,0,0,12," Rp1,500,001 ",Berat,Tabrakan dengan kendaraan parkir di kiri,Manusia,JL SOEKARNO HATTA KM 5 DEPAN HOTEL PLATINUM,-1.212488045,116.861265,Jalan Nasional,Arteri,II (Jalan Sedang utk beban s/d 10 ton & 12m  Panjang Ran),4/2 B (4 Lajur/2 Arah dengan Batas Median),Lurus,Cerah,Redup / Samar (Tidak jelas terlihat)
195,KOTA BALIKPAPAN,2023-08-17,01:00:00,1,0,0,12," Rp1,500,000 ",Berat,Tabrakan depan - belakang,Manusia,JL MARSMA R.ISWAHYUDI DEKAT HOTEL GRAND TJOKRO,-1.262214994,116.8934166,Jalan Propinsi,Arteri,II (Jalan Sedang utk beban s/d 10 ton & 12m  Panjang Ran),4/2 B (4 Lajur/2 Arah dengan Batas Median),Tikungan,Cerah,Terang / Jelas
196,KOTA BALIKPAPAN,2023-08-19,08:15:00,1,0,0,12," Rp1,500,001 ",Berat,Tabrakan dengan kendaraan parkir di kiri,Manusia,JL MT HARYONO DEKAT TOKO CAT AUTO PAINT,-1.228382897,116.8716743,Jalan Nasional,Arteri,II (Jalan Sedang utk beban s/d 10 ton & 12m  Panjang Ran),4/2 B (4 Lajur/2 Arah dengan Batas Median),Lurus,Cerah,Terang / Jelas
197,KOTA BALIKPAPAN,2023-09-03,17:30:00,0,0,1,3," Rp1,000,000 ",Ringan,"Di ruas jalan, pejalan kaki menyeberang dari kanan ke kiri",Manusia,JL SINAR MAS LAND BOULEVARD DEPAN RUKO GOLDEN BOULEVARD,-1.223513,116.876929,Jalan Kota / Kabupaten,Kolektor,III (Jalan Kecil utk max beban 8 ton & 9 m Panjang Ran),4/2 B (4 Lajur/2 Arah dengan Batas Median),Lurus,Cerah,Terang / Jelas
198,KOTA BALIKPAPAN,2023-09-10,02:00:00,0,0,2,6," Rp30,000,000 ",Ringan,Kendaraan Out of Control keluar ke kanan jalan,Manusia,JL YOS SUDARSO DEKAT DEPO LPG PERTAMINA,-1.253062,116.824989,Jalan Kota / Kabupaten,Arteri,II (Jalan Sedang utk beban s/d 10 ton & 12m  Panjang Ran),2/2 TB (2 Lajur/2 Arah Tanpa Batas Median),Lurus,Cerah,Terang / Jelas
199,KOTA BALIKPAPAN,2023-09-14,00:45:00,1,0,0,12," Rp5,000,000 ",Berat,Tabrakan depan - depan,Manusia,JL MAYJEND SUTOYO DEKAT GUDANG BULOG,-1.261969632,116.844177,Jalan Kota / Kabupaten,Arteri,II (Jalan Sedang utk beban s/d 10 ton & 12m  Panjang Ran),2/2 TB (2 Lajur/2 Arah Tanpa Batas Median),Tikungan,Cerah,Redup / Samar (Tidak jelas terlihat)
200,KOTA BALIKPAPAN,2023-07-12,15:30:00,0,0,0,0," Rp30,000,000 ",,Tabrakan dengan benda di jalan atau di atas jalan,Manusia,JL AREA GEDUNG KESENIAN,-1.248027167,116.8917057,Jalan Kota / Kabupaten,Lokal / Lingkungan,III (Jalan Kecil utk max beban 8 ton & 9 m Panjang Ran),2/2 TB (2 Lajur/2 Arah Tanpa Batas Median),Lurus,Cerah,Terang / Jelas
201,KOTA BALIKPAPAN,2023-09-14,08:30:00,0,1,0,3," Rp500,001 ",Sedang,Tabrakan samping,Manusia,JL S.HATTA KM.5 DEKAT BENGKEL SATRIA MOTOR,-1.212468,116.861309,Jalan Nasional,Arteri,II (Jalan Sedang utk beban s/d 10 ton & 12m  Panjang Ran),2/2 TB (2 Lajur/2 Arah Tanpa Batas Median),Lurus,Cerah,Terang / Jelas
202,KOTA BALIKPAPAN,2023-09-23,12:30:00,0,0,1,3," Rp5,000,000 ",Ringan,Tabrakan depan - depan,Manusia,JL S.HATTA KM.07 DEKAT PT SANY KEL.BATU AMPAR KEC.BALIKPAPAN UTARA,-1.205157,116.877036,Jalan Nasional,Arteri,II (Jalan Sedang utk beban s/d 10 ton & 12m  Panjang Ran),2/2 TB (2 Lajur/2 Arah Tanpa Batas Median),Tikungan,Cerah,Terang / Jelas
203,KOTA BALIKPAPAN,2023-09-29,12:30:00,0,1,1,6," Rp10,000,000 ",Sedang,"Di simpang, tabrakan dengan Kendaraan B yang datang dari arah kiri",Manusia,JL H.TJUJUP SUPARNA SIMPANG POS 10,-1.240788921,116.8683044,Jalan Kota / Kabupaten,Arteri,II (Jalan Sedang utk beban s/d 10 ton & 12m  Panjang Ran),2/2 TB (2 Lajur/2 Arah Tanpa Batas Median),X atau + (Simpang Empat),Cerah,Terang / Jelas
204,KOTA BALIKPAPAN,2023-10-02,20:15:00,1,0,0,12," Rp3,000,001 ",Berat,Tabrakan dengan kendaraan parkir di kiri,Manusia,JL S.HATTA KM.11 DEKAT RM NASGOR AREMA KEL.KARANG JOANG,-1.182033519,116.8841016,Jalan Nasional,Arteri,II (Jalan Sedang utk beban s/d 10 ton & 12m  Panjang Ran),2/2 TB (2 Lajur/2 Arah Tanpa Batas Median),Lurus,Cerah,Gelap / Sulit Terlihat
205,KOTA BALIKPAPAN,2023-10-03,01:00:00,1,0,1,15," Rp2,000,001 ",Berat,Tabrakan dengan kendaraan parkir di kiri,Manusia,JL  YOS SUDARSO DEPAN AREA BONGKAR MUAT PELABUHAN SEMAYANG,-1.275066,116.807013,Jalan Kota / Kabupaten,Arteri,II (Jalan Sedang utk beban s/d 10 ton & 12m  Panjang Ran),4/2 TB (4 Lajur/2 Arah Tanpa Batas Median),Lurus,Cerah,Gelap / Sulit Terlihat
206,KOTA BALIKPAPAN,2023-10-04,12:30:00,1,0,0,12," Rp1,000,000 ",Berat,Tabrakan depan - belakang,Manusia,JL MT HARYONO DEPAN MAJESTI KEL.DAMAI,-1.24386134,116.8720676,Jalan Propinsi,Arteri,II (Jalan Sedang utk beban s/d 10 ton & 12m  Panjang Ran),4/2 TB (4 Lajur/2 Arah Tanpa Batas Median),Lurus,Cerah,Terang / Jelas
207,KOTA BALIKPAPAN,2023-10-07,15:00:00,0,1,0,3," Rp500,000 ",Sedang,"Di ruas jalan, pejalan kaki menyeberang dari kiri ke kanan",Manusia,JL MULAWARMAN DEPAN MASJID QOMARUL HUDA,-1.178196427,117.0004002,Jalan Propinsi,Arteri,II (Jalan Sedang utk beban s/d 10 ton & 12m  Panjang Ran),2/2 TB (2 Lajur/2 Arah Tanpa Batas Median),Lurus,Cerah,Terang / Jelas
208,KOTA BALIKPAPAN,2023-10-08,15:30:00,0,2,1,9," Rp6,000,000 ",Sedang,Tabrakan depan - depan,Manusia,JL DI PANJAITAN DEPAN BRYAN KNALPOT,-1.246631849,116.8451254,Jalan Kota / Kabupaten,Kolektor,II (Jalan Sedang utk beban s/d 10 ton & 12m  Panjang Ran),2/2 TB (2 Lajur/2 Arah Tanpa Batas Median),Lurus,Cerah,Terang / Jelas
209,KOTA BALIKPAPAN,2023-10-10,10:30:00,1,0,0,12," Rp3,000,000 ",Berat,Tabrakan dengan kendaraan parkir di kiri,Manusia,JL MARSMA R.ISWAHYUDI RT.41 NO.45 DEPAN SOLUSI DIESEL KEL.DAMAI BAHAGIA KEC.BALIKPAPAN SELATAN,-1.265252528,116.8856094,Jalan Propinsi,Arteri,II (Jalan Sedang utk beban s/d 10 ton & 12m  Panjang Ran),4/2 B (4 Lajur/2 Arah dengan Batas Median),Lurus,Cerah,Terang / Jelas
210,KOTA BALIKPAPAN,2023-10-10,16:30:00,2,0,0,24," Rp20,000,000 ",Berat,Tabrakan depan - belakang,Manusia,JL MARSMA R.ISWAYUDI DEKAT PINTU MASUK BANDARA SAMS SEPINGGAN BALIKPAPAN,-1.258997122,116.9015477,Jalan Propinsi,Arteri,II (Jalan Sedang utk beban s/d 10 ton & 12m  Panjang Ran),4/2 B (4 Lajur/2 Arah dengan Batas Median),Lurus,Cerah,Terang / Jelas
211,KOTA BALIKPAPAN,2023-10-14,16:30:00,1,0,0,12," Rp5,000,000 ",Berat,Tabrakan depan - depan,Manusia,"JL S.HATTA KM 4.5 , RT.25 KEL.BATU AMPAR",-1.215035,116.856012,Jalan Nasional,Arteri,II (Jalan Sedang utk beban s/d 10 ton & 12m  Panjang Ran),4/2 B (4 Lajur/2 Arah dengan Batas Median),Tikungan,Cerah,Terang / Jelas
212,KOTA BALIKPAPAN,2023-10-17,04:30:00,1,0,0,12," Rp2,000,000 ",Berat,Kendaraan Out of Control keluar ke kiri jalan,Manusia,JL MAYOR POL ZAINAL ARIFIN JEMBATAN BELLER KEL.DAMAI KEC.BALIKPAPAN KOTA,-1.253555558,116.8622021,Jalan Kota / Kabupaten,Kolektor,III (Jalan Kecil utk max beban 8 ton & 9 m Panjang Ran),2/2 TB (2 Lajur/2 Arah Tanpa Batas Median),Jembatan,Cerah,Redup / Samar (Tidak jelas terlihat)
213,KOTA BALIKPAPAN,2023-10-17,13:30:00,1,0,0,12," Rp3,000,000 ",Berat,Tabrakan depan - belakang,Manusia,JL MARSMA R.ISWAHYUDI DEPAN PERUM POKA,-1.267309615,116.881692,Jalan Propinsi,Arteri,II (Jalan Sedang utk beban s/d 10 ton & 12m  Panjang Ran),4/2 B (4 Lajur/2 Arah dengan Batas Median),Lurus,Cerah,Terang / Jelas
214,KOTA BALIKPAPAN,2023-10-22,00:30:00,0,0,1,3," Rp500,000 ",Ringan,"Di ruas jalan, pejalan kaki di bahu jalan atau di trotoar",Manusia,JL MARSMA R ISWAHYUDI DEKAT HOTEL HORISON BANDARA SAMS KEL.SEPINGGAN,-1.258921,116.901832,Jalan Nasional,Arteri,II (Jalan Sedang utk beban s/d 10 ton & 12m  Panjang Ran),4/2 B (4 Lajur/2 Arah dengan Batas Median),Lurus,Cerah,Redup / Samar (Tidak jelas terlihat)
215,KOTA BALIKPAPAN,2023-10-26,09:40:00,0,0,1,3," Rp200,000,000 ",Ringan,Tabrakan depan - depan,Kendaraan,JL  SOEKARNO HATTA KM 1.5 DEKAT KANTOR KELURAHAN MUARA RAPAK. KEL.MUARA RAPAK. KEC.BALIKPAPAN UTARA. KOTA BALIKPAPAN,-1.232592,116.840494,Jalan Nasional,Arteri,II (Jalan Sedang utk beban s/d 10 ton & 12m  Panjang Ran),4/2 TB (4 Lajur/2 Arah Tanpa Batas Median),Tikungan,Cerah,Terang / Jelas
216,KOTA BALIKPAPAN,2023-11-05,16:30:00,1,0,0,12," Rp300,000 ",Berat,Tabrakan dengan benda di jalan atau di atas jalan,Manusia,JL PULAU BALANG DEKAT  WARUNG BU TIA KEL.KARIANGAU,-1.160341998,116.8198728,Jalan Nasional,Arteri,II (Jalan Sedang utk beban s/d 10 ton & 12m  Panjang Ran),4/2 B (4 Lajur/2 Arah dengan Batas Median),Tikungan,Cerah,Terang / Jelas
217,KOTA BALIKPAPAN,2023-11-06,23:00:00,1,0,1,15," Rp3,000,000 ",Berat,Tabrakan depan - depan,Manusia,JL S.HATTA KM.21 KEL.KARANG JOANG KEC.BALIKPAPAN UTARA,-1.103797991,116.8853106,Jalan Nasional,Arteri,II (Jalan Sedang utk beban s/d 10 ton & 12m  Panjang Ran),2/2 TB (2 Lajur/2 Arah Tanpa Batas Median),Tikungan,Cerah,Terang / Jelas
218,KOTA BALIKPAPAN,2023-11-13,07:00:00,0,0,1,3," Rp1,000,000 ",Ringan,"Di ruas jalan, pejalan kaki menyeberang dari kanan ke kiri",Manusia,"JL SYARIFUDDIN YOES SIMPANG SD CAHAYA ILMU BALIKPAPAN , RT -, RW -, TITIK KOORDINAT -",-1.229008379,116.8819344,Jalan Nasional,Arteri,II (Jalan Sedang utk beban s/d 10 ton & 12m  Panjang Ran),2/2 TB (2 Lajur/2 Arah Tanpa Batas Median),T (Simpang Tiga),Cerah,Terang / Jelas
219,KOTA BALIKPAPAN,2023-11-19,00:10:00,1,1,0,15," Rp2,000,000 ",Berat,Tabrakan depan - depan,Manusia,JL SYARIFUDDIN YOES DEKAT KOPI DAENG,-1.252312316,116.8987193,Jalan Nasional,Arteri,II (Jalan Sedang utk beban s/d 10 ton & 12m  Panjang Ran),4/2 TB (4 Lajur/2 Arah Tanpa Batas Median),Tikungan,Cerah,Redup / Samar (Tidak jelas terlihat)
220,KOTA BALIKPAPAN,2023-11-21,06:30:00,1,0,0,12," Rp500,000 ",Berat,"Di ruas jalan, pejalan kaki menyeberang dari kiri ke kanan",Manusia,JL DR SUTOMO DEKAT TOKO MANGGALA JAYA ELECTRIC KEL.KARANG REJO,-1.246078668,116.8430045,Jalan Kota / Kabupaten,Kolektor,III (Jalan Kecil utk max beban 8 ton & 9 m Panjang Ran),2/2 TB (2 Lajur/2 Arah Tanpa Batas Median),Lurus,Cerah,Terang / Jelas
221,KOTA BALIKPAPAN,2023-12-01,04:45:00,1,0,0,12," Rp700,000 ",Berat,Kendaraan Out of Control keluar ke kiri jalan,Manusia,JL PERSATUAN DEKAT RUSUN MANGGAR BARU,-1.212163235,116.9691049,Jalan Desa,Lokal / Lingkungan,III (Jalan Kecil utk max beban 8 ton & 9 m Panjang Ran),2/2 TB (2 Lajur/2 Arah Tanpa Batas Median),Tikungan,Cerah,Terang / Jelas
222,KOTA BALIKPAPAN,2023-12-01,11:30:00,1,0,0,12," Rp500,000 ",Berat,Tabrakan samping,Manusia,JL MT HARYONO DEKAT V KOOL,-1.245483358,116.8716005,Jalan Propinsi,Arteri,II (Jalan Sedang utk beban s/d 10 ton & 12m  Panjang Ran),4/2 TB (4 Lajur/2 Arah Tanpa Batas Median),Lurus,Hujan/ Grimis,Terang / Jelas
223,KOTA BALIKPAPAN,2023-12-08,07:30:00,1,0,0,12," Rp200,001 ",Berat,Tabrakan samping,Manusia,JL JEND A.YANI DEKAT ASPOL PERWIRA KARANG ANYAR,-1.242095186,116.8297044,Jalan Propinsi,Arteri,II (Jalan Sedang utk beban s/d 10 ton & 12m  Panjang Ran),4/2 B (4 Lajur/2 Arah dengan Batas Median),Lurus,Cerah,Terang / Jelas
224,KOTA BALIKPAPAN,2023-12-10,01:30:00,0,0,1,3," Rp5,000,000 ",Ringan,Tabrakan kendaraan belok kanan dengan kendaraan yang datang dari arah berlawanan,Manusia,"JL JENDERAL SUDIRMAN SIMPANG PLASA BALIKPAPAN, RT -, RW -, TITIK KOORDINAT -",-1.277000394,116.8381339,Jalan Nasional,Arteri,II (Jalan Sedang utk beban s/d 10 ton & 12m  Panjang Ran),4/2 B (4 Lajur/2 Arah dengan Batas Median),T (Simpang Tiga),Cerah,Terang / Jelas
225,KOTA BALIKPAPAN,2023-12-25,09:50:00,0,0,1,3," Rp1,500,000 ",Ringan,"Di ruas, kendaraan lurus dengan pejalan kaki dari kanan di Zebra Cross",Manusia,JL JENDERAL SUDIRMAN DEPAN BANK PERMATA,-1.270547923,116.8547382,Jalan Nasional,Arteri,II (Jalan Sedang utk beban s/d 10 ton & 12m  Panjang Ran),4/2 B (4 Lajur/2 Arah dengan Batas Median),Lurus,Cerah,Terang / Jelas
226,KOTA BALIKPAPAN,2023-12-24,08:20:00,0,1,0,3," Rp3,000,000 ",Sedang,"Di simpang, tabrakan dengan Kendaraan B yang datang dari arah kiri",Manusia,JL MARSMA R.ISWAHYUDI DEPAN VIP ROOM BANDARA,-1.258559022,116.9022414,Jalan Nasional,Arteri,II (Jalan Sedang utk beban s/d 10 ton & 12m  Panjang Ran),4/2 B (4 Lajur/2 Arah dengan Batas Median),T (Simpang Tiga),Cerah,Terang / Jelas
